upkb_accession,gene_age,age_bin
A0A1B0GTW7,78,<100
A0AUZ9,645,500-1000
A0AV02,950,500-1000
A0AVF1,987,500-1000
A0AVI2,244,100-500
A0AVT1,645,500-1000
A0FGR8,1064,>1000
A0JP26,18,<100
A0MZ66,1488,>1000
A0PJE2,86,<100
A0PJK1,950,500-1000
A0PJY2,645,500-1000
A1A4V9,168,100-500
A1A4Y4,12,<100
A1A519,132,100-500
A1A5B4,544,500-1000
A1A5C7,1488,>1000
A1KZ92,55,<100
A1L390,645,500-1000
A1XBS5,987,500-1000
A1Z1Q3,1488,>1000
A2A288,424,100-500
A2A2Y4,680,500-1000
A2AJT9,645,500-1000
A2IDD5,680,500-1000
A2RRH5,4300,>1000
A2RRL7,244,100-500
A2RTY3,132,100-500
A2RU30,544,500-1000
A2RU49,987,500-1000
A2RUB1,544,500-1000
A2RUB6,680,500-1000
A2RUR9,25,<100
A2RUS2,680,500-1000
A2VDJ0,680,500-1000
A3KMH1,1292,>1000
A3KN83,645,500-1000
A4D0S4,544,500-1000
A4D161,950,500-1000
A4D1B5,544,500-1000
A4D1E9,950,500-1000
A4D1P6,1064,>1000
A4FU01,454,100-500
A4FU49,1488,>1000
A4FU69,1488,>1000
A4UGR9,544,500-1000
A5D8W1,987,500-1000
A5PL33,168,100-500
A5PLK6,424,100-500
A5PLN7,987,500-1000
A5PLN9,1488,>1000
A5X5Y0,78,<100
A5YKK6,1714,>1000
A5YM72,244,100-500
A6BM72,645,500-1000
A6H8Y1,645,500-1000
A6H8Z2,680,500-1000
A6NC86,454,100-500
A6NC98,244,100-500
A6NCI4,1064,>1000
A6NDV4,645,500-1000
A6NDY0,424,100-500
A6NFC5,101,100-500
A6NFN9,1714,>1000
A6NFQ2,454,100-500
A6NHR9,680,500-1000
A6NI73,168,100-500
A6NJ78,4300,>1000
A6NK59,645,500-1000
A6NKB5,987,500-1000
A6NNP5,168,100-500
A6NNW6,1292,>1000
A6PVS8,987,500-1000
A6QL63,1064,>1000
A6QL64,55,<100
A7E2V4,886,500-1000
A7E2Y1,645,500-1000
A7KAX9,950,500-1000
A8K0R7,680,500-1000
A8K830,424,100-500
A8K8P3,987,500-1000
A8K979,544,500-1000
A8MPS7,950,500-1000
A8MPX8,950,500-1000
A8MQ27,645,500-1000
A8MT69,12,<100
A8MT70,244,100-500
A8MTZ0,25,<100
A8MVW5,645,500-1000
A8MW92,886,500-1000
A8MWY0,950,500-1000
A9UHW6,987,500-1000
B0I1T2,1488,>1000
B1AJZ9,680,500-1000
B2RTY4,950,500-1000
B4DS77,382,100-500
B7ZAQ6,645,500-1000
C9JH25,168,100-500
E5RJM6,12,<100
E9PB15,3,<100
G9CGD6,3,<100
H3BSY2,680,500-1000
M0R2J8,544,500-1000
O00124,454,100-500
O00139,645,500-1000
O00141,454,100-500
O00142,987,500-1000
O00148,4300,>1000
O00154,987,500-1000
O00159,645,500-1000
O00165,454,100-500
O00167,950,500-1000
O00182,810,500-1000
O00206,382,100-500
O00213,645,500-1000
O00222,544,500-1000
O00233,1714,>1000
O00255,886,500-1000
O00291,1488,>1000
O00305,950,500-1000
O00308,424,100-500
O00327,680,500-1000
O00330,886,500-1000
O00339,645,500-1000
O00408,987,500-1000
O00410,645,500-1000
O00429,810,500-1000
O00444,987,500-1000
O00451,645,500-1000
O00453,55,<100
O00463,987,500-1000
O00468,645,500-1000
O00469,645,500-1000
O00481,36,<100
O00482,544,500-1000
O00499,1488,>1000
O00506,1064,>1000
O00522,680,500-1000
O00534,382,100-500
O00555,645,500-1000
O00560,645,500-1000
O00624,132,100-500
O00712,987,500-1000
O00743,4300,>1000
O00748,1488,>1000
O00762,1488,>1000
O00763,950,500-1000
O00764,1714,>1000
O14490,645,500-1000
O14497,987,500-1000
O14511,544,500-1000
O14513,645,500-1000
O14521,1292,>1000
O14525,645,500-1000
O14526,1488,>1000
O14559,382,100-500
O14576,544,500-1000
O14578,645,500-1000
O14579,1714,>1000
O14593,544,500-1000
O14607,8,<100
O14617,1714,>1000
O14628,168,100-500
O14639,544,500-1000
O14647,1488,>1000
O14653,950,500-1000
O14662,4300,>1000
O14717,1488,>1000
O14727,645,500-1000
O14733,1488,>1000
O14735,4300,>1000
O14744,1714,>1000
O14746,680,500-1000
O14757,645,500-1000
O14763,55,<100
O14770,950,500-1000
O14772,680,500-1000
O14775,1292,>1000
O14786,544,500-1000
O14788,454,100-500
O14791,12,<100
O14818,544,500-1000
O14829,645,500-1000
O14836,332,100-500
O14874,645,500-1000
O14893,950,500-1000
O14920,810,500-1000
O14924,645,500-1000
O14931,168,100-500
O14936,680,500-1000
O14939,1488,>1000
O14948,987,500-1000
O14966,645,500-1000
O14974,645,500-1000
O14979,544,500-1000
O14983,4300,>1000
O14986,544,500-1000
O15013,886,500-1000
O15021,950,500-1000
O15027,645,500-1000
O15034,950,500-1000
O15042,1292,>1000
O15056,4300,>1000
O15061,544,500-1000
O15068,454,100-500
O15075,544,500-1000
O15084,987,500-1000
O15091,987,500-1000
O15105,987,500-1000
O15117,544,500-1000
O15119,987,500-1000
O15123,645,500-1000
O15146,645,500-1000
O15151,950,500-1000
O15165,645,500-1000
O15229,1488,>1000
O15231,544,500-1000
O15244,1488,>1000
O15245,244,100-500
O15259,950,500-1000
O15260,950,500-1000
O15265,950,500-1000
O15294,1292,>1000
O15296,987,500-1000
O15315,645,500-1000
O15350,987,500-1000
O15360,544,500-1000
O15371,1714,>1000
O15374,950,500-1000
O15381,4300,>1000
O15392,680,500-1000
O15409,645,500-1000
O15417,645,500-1000
O15438,382,100-500
O15439,1064,>1000
O15440,454,100-500
O15444,55,<100
O15488,987,500-1000
O15504,680,500-1000
O15519,454,100-500
O15523,8,<100
O15527,1714,>1000
O15530,1714,>1000
O15533,3,<100
O15539,544,500-1000
O15553,382,100-500
O43147,645,500-1000
O43149,645,500-1000
O43151,544,500-1000
O43157,987,500-1000
O43166,645,500-1000
O43182,645,500-1000
O43184,645,500-1000
O43196,1714,>1000
O43236,244,100-500
O43251,454,100-500
O43272,645,500-1000
O43281,987,500-1000
O43283,645,500-1000
O43295,645,500-1000
O43299,544,500-1000
O43307,987,500-1000
O43312,886,500-1000
O43316,382,100-500
O43318,645,500-1000
O43379,4300,>1000
O43390,4300,>1000
O43399,810,500-1000
O43414,645,500-1000
O43426,4300,>1000
O43432,645,500-1000
O43435,382,100-500
O43439,454,100-500
O43464,645,500-1000
O43474,950,500-1000
O43490,987,500-1000
O43491,810,500-1000
O43493,454,100-500
O43497,544,500-1000
O43516,680,500-1000
O43521,382,100-500
O43526,544,500-1000
O43541,987,500-1000
O43555,86,<100
O43556,645,500-1000
O43561,168,100-500
O43566,544,500-1000
O43581,987,500-1000
O43663,645,500-1000
O43665,1064,>1000
O43670,1488,>1000
O43679,950,500-1000
O43683,1488,>1000
O43688,987,500-1000
O43699,544,500-1000
O43707,382,100-500
O43708,645,500-1000
O43709,4300,>1000
O43734,244,100-500
O43759,987,500-1000
O43766,1292,>1000
O43768,680,500-1000
O43820,886,500-1000
O43822,987,500-1000
O43837,4300,>1000
O43852,987,500-1000
O43914,244,100-500
O43918,544,500-1000
O43929,4300,>1000
O60229,544,500-1000
O60237,424,100-500
O60241,544,500-1000
O60256,454,100-500
O60259,168,100-500
O60260,544,500-1000
O60268,950,500-1000
O60271,987,500-1000
O60291,1064,>1000
O60293,987,500-1000
O60308,987,500-1000
O60313,987,500-1000
O60331,645,500-1000
O60333,544,500-1000
O60336,424,100-500
O60337,1488,>1000
O60341,1488,>1000
O60343,645,500-1000
O60381,645,500-1000
O60423,4300,>1000
O60443,544,500-1000
O60449,680,500-1000
O60462,645,500-1000
O60477,544,500-1000
O60493,1292,>1000
O60502,987,500-1000
O60506,4300,>1000
O60524,4300,>1000
O60566,1488,>1000
O60610,1488,>1000
O60637,645,500-1000
O60641,1488,>1000
O60658,950,500-1000
O60663,680,500-1000
O60664,645,500-1000
O60667,332,100-500
O60671,1488,>1000
O60701,987,500-1000
O60716,987,500-1000
O60721,950,500-1000
O60729,424,100-500
O60733,680,500-1000
O60784,1292,>1000
O60828,950,500-1000
O60840,645,500-1000
O60858,544,500-1000
O60861,680,500-1000
O60869,1292,>1000
O60879,1064,>1000
O60880,4300,>1000
O60885,70,<100
O60888,168,100-500
O60902,645,500-1000
O60909,886,500-1000
O60936,244,100-500
O60941,18,<100
O60942,4300,>1000
O75022,168,100-500
O75023,168,100-500
O75027,1488,>1000
O75030,987,500-1000
O75037,4300,>1000
O75038,1714,>1000
O75052,680,500-1000
O75061,544,500-1000
O75069,810,500-1000
O75077,1292,>1000
O75081,382,100-500
O75094,544,500-1000
O75112,680,500-1000
O75121,645,500-1000
O75122,950,500-1000
O75128,645,500-1000
O75129,645,500-1000
O75140,1714,>1000
O75143,987,500-1000
O75144,454,100-500
O75147,886,500-1000
O75150,1488,>1000
O75154,987,500-1000
O75167,987,500-1000
O75170,454,100-500
O75177,680,500-1000
O75179,886,500-1000
O75182,1488,>1000
O75185,4300,>1000
O75190,645,500-1000
O75223,645,500-1000
O75290,55,<100
O75298,454,100-500
O75309,168,100-500
O75319,645,500-1000
O75330,680,500-1000
O75334,645,500-1000
O75335,987,500-1000
O75340,1488,>1000
O75344,1714,>1000
O75354,950,500-1000
O75365,645,500-1000
O75367,544,500-1000
O75369,645,500-1000
O75376,1488,>1000
O75382,454,100-500
O75386,645,500-1000
O75398,680,500-1000
O75400,1488,>1000
O75410,544,500-1000
O75414,645,500-1000
O75419,1488,>1000
O75425,132,100-500
O75426,454,100-500
O75445,680,500-1000
O75461,1064,>1000
O75469,810,500-1000
O75473,544,500-1000
O75475,645,500-1000
O75494,544,500-1000
O75530,987,500-1000
O75534,987,500-1000
O75553,987,500-1000
O75569,987,500-1000
O75575,1488,>1000
O75578,987,500-1000
O75582,645,500-1000
O75586,1488,>1000
O75602,987,500-1000
O75604,424,100-500
O75626,810,500-1000
O75648,4300,>1000
O75665,544,500-1000
O75674,424,100-500
O75678,86,<100
O75688,4300,>1000
O75689,645,500-1000
O75771,810,500-1000
O75815,886,500-1000
O75820,168,100-500
O75822,1488,>1000
O75838,168,100-500
O75840,950,500-1000
O75865,1488,>1000
O75882,645,500-1000
O75888,244,100-500
O75891,4300,>1000
O75900,544,500-1000
O75908,645,500-1000
O75909,645,500-1000
O75914,1488,>1000
O75916,645,500-1000
O75923,987,500-1000
O75925,1488,>1000
O75928,1488,>1000
O75935,680,500-1000
O75943,1488,>1000
O75952,332,100-500
O75953,680,500-1000
O75962,645,500-1000
O75970,645,500-1000
O76036,168,100-500
O76054,382,100-500
O76064,645,500-1000
O76075,645,500-1000
O76081,454,100-500
O76082,1488,>1000
O76083,987,500-1000
O76090,680,500-1000
O94759,950,500-1000
O94762,645,500-1000
O94763,1064,>1000
O94779,454,100-500
O94788,4300,>1000
O94810,645,500-1000
O94812,987,500-1000
O94813,645,500-1000
O94818,645,500-1000
O94822,645,500-1000
O94823,4300,>1000
O94827,645,500-1000
O94842,1488,>1000
O94851,544,500-1000
O94856,645,500-1000
O94864,645,500-1000
O94868,987,500-1000
O94874,1064,>1000
O94875,645,500-1000
O94880,987,500-1000
O94887,1488,>1000
O94901,645,500-1000
O94905,987,500-1000
O94911,244,100-500
O94916,645,500-1000
O94921,645,500-1000
O94925,987,500-1000
O94929,645,500-1000
O94956,244,100-500
O94964,645,500-1000
O94966,645,500-1000
O94967,950,500-1000
O94972,645,500-1000
O94973,4300,>1000
O94979,4300,>1000
O94983,454,100-500
O94986,680,500-1000
O94988,987,500-1000
O95049,886,500-1000
O95069,950,500-1000
O95104,987,500-1000
O95150,680,500-1000
O95153,950,500-1000
O95155,1488,>1000
O95169,987,500-1000
O95171,544,500-1000
O95196,454,100-500
O95197,454,100-500
O95198,645,500-1000
O95202,1488,>1000
O95208,886,500-1000
O95236,18,<100
O95243,424,100-500
O95248,4300,>1000
O95251,680,500-1000
O95255,424,100-500
O95256,645,500-1000
O95258,382,100-500
O95263,680,500-1000
O95267,544,500-1000
O95273,645,500-1000
O95294,680,500-1000
O95297,680,500-1000
O95298,8,<100
O95302,4300,>1000
O95319,680,500-1000
O95352,4300,>1000
O95359,645,500-1000
O95379,645,500-1000
O95382,645,500-1000
O95388,680,500-1000
O95394,4300,>1000
O95398,544,500-1000
O95405,950,500-1000
O95425,886,500-1000
O95428,645,500-1000
O95453,950,500-1000
O95460,886,500-1000
O95466,1064,>1000
O95487,1714,>1000
O95490,645,500-1000
O95498,382,100-500
O95544,4300,>1000
O95551,987,500-1000
O95600,950,500-1000
O95628,987,500-1000
O95639,987,500-1000
O95644,645,500-1000
O95670,3,<100
O95671,4300,>1000
O95677,950,500-1000
O95684,645,500-1000
O95704,544,500-1000
O95718,680,500-1000
O95758,1064,>1000
O95760,132,100-500
O95780,36,<100
O95785,544,500-1000
O95789,987,500-1000
O95793,987,500-1000
O95803,987,500-1000
O95819,645,500-1000
O95831,1488,>1000
O95834,645,500-1000
O95861,1714,>1000
O95864,1292,>1000
O95866,168,100-500
O95876,987,500-1000
O95905,1488,>1000
O95922,987,500-1000
O95925,987,500-1000
O95936,987,500-1000
O95944,424,100-500
O95954,987,500-1000
O95965,680,500-1000
O95970,645,500-1000
O95971,132,100-500
O95985,987,500-1000
O95990,680,500-1000
O95996,544,500-1000
O95998,244,100-500
O96005,1714,>1000
O96013,645,500-1000
O96017,1488,>1000
O96028,950,500-1000
P00167,454,100-500
P00338,544,500-1000
P00367,4300,>1000
P00387,1292,>1000
P00390,1488,>1000
P00533,886,500-1000
P00750,544,500-1000
P00973,168,100-500
P01009,244,100-500
P01011,244,100-500
P01042,544,500-1000
P01100,680,500-1000
P01106,645,500-1000
P01130,645,500-1000
P01133,987,500-1000
P01135,544,500-1000
P01241,544,500-1000
P01242,544,500-1000
P01344,645,500-1000
P01732,332,100-500
P01854,382,100-500
P02458,645,500-1000
P02545,645,500-1000
P02686,544,500-1000
P02724,86,<100
P02751,680,500-1000
P02768,382,100-500
P02774,454,100-500
P03372,680,500-1000
P04035,4300,>1000
P04062,987,500-1000
P04150,950,500-1000
P04233,544,500-1000
P04278,454,100-500
P04424,950,500-1000
P04626,645,500-1000
P04629,454,100-500
P04637,987,500-1000
P04798,680,500-1000
P04818,1292,>1000
P04899,1488,>1000
P04920,987,500-1000
P04921,454,100-500
P05019,544,500-1000
P05023,4300,>1000
P05067,645,500-1000
P05089,950,500-1000
P05106,645,500-1000
P05155,454,100-500
P05164,244,100-500
P05165,1064,>1000
P05186,1488,>1000
P05549,544,500-1000
P05556,645,500-1000
P06133,78,<100
P06239,424,100-500
P06241,645,500-1000
P06396,1488,>1000
P06401,950,500-1000
P06681,3,<100
P06730,645,500-1000
P06748,55,<100
P06753,8,<100
P06756,987,500-1000
P07093,544,500-1000
P07098,132,100-500
P07101,810,500-1000
P07108,1292,>1000
P07202,987,500-1000
P07288,382,100-500
P07307,132,100-500
P07332,544,500-1000
P07492,544,500-1000
P07585,645,500-1000
P07602,544,500-1000
P07910,424,100-500
P07911,950,500-1000
P07951,950,500-1000
P07992,1714,>1000
P08047,645,500-1000
P08048,8,<100
P08151,544,500-1000
P08174,382,100-500
P08195,544,500-1000
P08235,950,500-1000
P08236,886,500-1000
P08237,1292,>1000
P08243,950,500-1000
P08253,950,500-1000
P08397,1488,>1000
P08514,987,500-1000
P08559,1714,>1000
P08575,645,500-1000
P08581,645,500-1000
P08621,1714,>1000
P08631,645,500-1000
P08651,987,500-1000
P08962,1488,>1000
P09038,680,500-1000
P09086,454,100-500
P09132,645,500-1000
P09455,950,500-1000
P09466,244,100-500
P09493,950,500-1000
P09496,645,500-1000
P09525,645,500-1000
P09603,332,100-500
P09622,4300,>1000
P09651,454,100-500
P09912,244,100-500
P09917,645,500-1000
P09919,454,100-500
P09936,544,500-1000
P09960,1488,>1000
P0C024,645,500-1000
P0C7I6,244,100-500
P0C7W0,55,<100
P0C869,645,500-1000
P0CAP1,544,500-1000
P0CAP2,8,<100
P0DI81,78,<100
P0DJD3,36,<100
P0DML3,544,500-1000
P0DMM9,70,<100
P0DPB3,18,<100
P0DPD6,18,<100
P0DTE4,544,500-1000
P0DTL6,950,500-1000
P0DX53,18,<100
P10070,645,500-1000
P10155,886,500-1000
P10242,950,500-1000
P10275,950,500-1000
P10276,810,500-1000
P10451,332,100-500
P10636,645,500-1000
P10721,645,500-1000
P10747,544,500-1000
P10826,810,500-1000
P10827,454,100-500
P10909,544,500-1000
P10911,645,500-1000
P10912,645,500-1000
P10966,454,100-500
P11049,544,500-1000
P11137,645,500-1000
P11171,987,500-1000
P11172,1714,>1000
P11177,1714,>1000
P11234,645,500-1000
P11277,645,500-1000
P11308,544,500-1000
P11362,886,500-1000
P11388,645,500-1000
P11413,4300,>1000
P11464,168,100-500
P11532,645,500-1000
P12081,4300,>1000
P12107,645,500-1000
P12110,645,500-1000
P12111,645,500-1000
P12272,544,500-1000
P12524,454,100-500
P12757,544,500-1000
P12814,645,500-1000
P12821,168,100-500
P12872,332,100-500
P12931,454,100-500
P12955,4300,>1000
P13056,810,500-1000
P13232,168,100-500
P13378,382,100-500
P13473,680,500-1000
P13497,544,500-1000
P13569,1488,>1000
P13591,645,500-1000
P13611,645,500-1000
P13631,810,500-1000
P13637,454,100-500
P13646,12,<100
P13674,645,500-1000
P13688,168,100-500
P13797,1488,>1000
P13805,544,500-1000
P13928,987,500-1000
P13929,4300,>1000
P13942,645,500-1000
P14091,454,100-500
P14136,645,500-1000
P14138,645,500-1000
P14209,78,<100
P14210,645,500-1000
P14416,680,500-1000
P14618,4300,>1000
P14651,645,500-1000
P14678,1714,>1000
P14859,950,500-1000
P14921,645,500-1000
P15151,132,100-500
P15170,544,500-1000
P15309,424,100-500
P15336,1292,>1000
P15408,680,500-1000
P15428,987,500-1000
P15502,244,100-500
P15509,382,100-500
P15529,382,100-500
P15559,454,100-500
P15621,78,<100
P15622,168,100-500
P15692,645,500-1000
P15812,544,500-1000
P15822,645,500-1000
P15863,886,500-1000
P15882,1488,>1000
P15884,987,500-1000
P15923,987,500-1000
P15924,1488,>1000
P15927,645,500-1000
P15941,168,100-500
P15976,454,100-500
P16070,645,500-1000
P16112,645,500-1000
P16144,680,500-1000
P16157,987,500-1000
P16220,1292,>1000
P16234,645,500-1000
P16278,645,500-1000
P16284,544,500-1000
P16298,4300,>1000
P16383,1488,>1000
P16410,544,500-1000
P16452,382,100-500
P16471,645,500-1000
P16473,987,500-1000
P16519,810,500-1000
P16591,645,500-1000
P16615,4300,>1000
P16671,1064,>1000
P16871,332,100-500
P16989,382,100-500
P17010,544,500-1000
P17014,168,100-500
P17021,70,<100
P17039,78,<100
P17040,244,100-500
P17096,382,100-500
P17097,168,100-500
P17181,544,500-1000
P17342,987,500-1000
P17405,1064,>1000
P17542,645,500-1000
P17544,1292,>1000
P17676,680,500-1000
P17693,12,<100
P17706,987,500-1000
P17948,454,100-500
P18206,987,500-1000
P18507,645,500-1000
P18510,332,100-500
P18577,680,500-1000
P18583,987,500-1000
P18615,950,500-1000
P18621,78,<100
P18847,680,500-1000
P18858,4300,>1000
P19021,987,500-1000
P19224,3,<100
P19235,454,100-500
P19256,332,100-500
P19320,987,500-1000
P19367,1292,>1000
P19438,454,100-500
P19440,645,500-1000
P19544,645,500-1000
P19827,168,100-500
P19838,544,500-1000
P19878,680,500-1000
P20020,382,100-500
P20023,987,500-1000
P20138,544,500-1000
P20151,382,100-500
P20265,3,<100
P20273,544,500-1000
P20340,4300,>1000
P20366,544,500-1000
P20701,332,100-500
P20711,1064,>1000
P20718,544,500-1000
P20794,1064,>1000
P20807,886,500-1000
P20823,680,500-1000
P20839,645,500-1000
P20849,645,500-1000
P20916,544,500-1000
P20929,886,500-1000
P20936,1064,>1000
P20941,4300,>1000
P21127,1934,>1000
P21128,680,500-1000
P21145,950,500-1000
P21333,424,100-500
P21359,1488,>1000
P21439,645,500-1000
P21554,3,<100
P21583,544,500-1000
P21675,1488,>1000
P21709,382,100-500
P21754,645,500-1000
P21757,244,100-500
P21802,886,500-1000
P21817,680,500-1000
P21860,987,500-1000
P21980,454,100-500
P22001,680,500-1000
P22105,454,100-500
P22303,950,500-1000
P22304,886,500-1000
P22307,987,500-1000
P22557,4300,>1000
P22570,4300,>1000
P22607,544,500-1000
P22694,680,500-1000
P22736,810,500-1000
P23141,1064,>1000
P23142,645,500-1000
P23219,680,500-1000
P23229,987,500-1000
P23280,680,500-1000
P23416,886,500-1000
P23443,382,100-500
P23467,1292,>1000
P23468,645,500-1000
P23469,544,500-1000
P23471,645,500-1000
P23497,1488,>1000
P23560,645,500-1000
P23634,886,500-1000
P23743,987,500-1000
P23759,645,500-1000
P23760,544,500-1000
P23763,332,100-500
P23945,680,500-1000
P23975,645,500-1000
P24001,12,<100
P24046,544,500-1000
P24071,382,100-500
P24394,544,500-1000
P24468,454,100-500
P24530,645,500-1000
P24557,645,500-1000
P24666,1488,>1000
P24821,645,500-1000
P24864,4300,>1000
P25054,987,500-1000
P25101,645,500-1000
P25440,886,500-1000
P25445,645,500-1000
P25705,1292,>1000
P25791,680,500-1000
P26045,645,500-1000
P26232,810,500-1000
P26358,987,500-1000
P26378,4300,>1000
P26436,132,100-500
P26599,1064,>1000
P27361,454,100-500
P27448,1064,>1000
P27540,987,500-1000
P27815,680,500-1000
P27816,454,100-500
P27824,1488,>1000
P27986,987,500-1000
P28074,454,100-500
P28288,1064,>1000
P28290,645,500-1000
P28329,645,500-1000
P28331,1292,>1000
P28472,645,500-1000
P28698,382,100-500
P28715,3,<100
P28799,645,500-1000
P28908,987,500-1000
P29122,1488,>1000
P29218,680,500-1000
P29323,645,500-1000
P29350,645,500-1000
P29353,454,100-500
P29372,987,500-1000
P29374,987,500-1000
P29376,382,100-500
P29466,886,500-1000
P29474,382,100-500
P29475,645,500-1000
P29558,544,500-1000
P29590,544,500-1000
P29692,645,500-1000
P29728,332,100-500
P29972,645,500-1000
P30038,1714,>1000
P30044,645,500-1000
P30085,4300,>1000
P30154,4300,>1000
P30203,987,500-1000
P30281,1488,>1000
P30305,544,500-1000
P30307,544,500-1000
P30511,3,<100
P30622,987,500-1000
P30626,1488,>1000
P30793,1488,>1000
P30988,950,500-1000
P31040,987,500-1000
P31327,544,500-1000
P31483,645,500-1000
P31942,680,500-1000
P31948,4300,>1000
P31994,544,500-1000
P32004,645,500-1000
P32019,1714,>1000
P32121,987,500-1000
P32189,4300,>1000
P32239,680,500-1000
P32241,645,500-1000
P32297,886,500-1000
P32298,987,500-1000
P32322,1292,>1000
P32418,680,500-1000
P32856,4300,>1000
P32929,4300,>1000
P33076,544,500-1000
P33121,4300,>1000
P33241,645,500-1000
P33402,987,500-1000
P33527,1488,>1000
P33681,168,100-500
P33993,4300,>1000
P34810,382,100-500
P34896,810,500-1000
P34897,1292,>1000
P34913,680,500-1000
P34969,645,500-1000
P34998,544,500-1000
P35030,382,100-500
P35125,645,500-1000
P35221,810,500-1000
P35236,454,100-500
P35240,544,500-1000
P35241,645,500-1000
P35348,680,500-1000
P35372,645,500-1000
P35398,810,500-1000
P35498,382,100-500
P35557,1292,>1000
P35573,1488,>1000
P35580,645,500-1000
P35590,810,500-1000
P35610,645,500-1000
P35611,1064,>1000
P35612,1064,>1000
P35613,950,500-1000
P35658,332,100-500
P35670,4300,>1000
P35680,680,500-1000
P35711,1714,>1000
P35712,1714,>1000
P35749,645,500-1000
P35789,36,<100
P35813,4300,>1000
P35913,987,500-1000
P35914,1488,>1000
P35916,645,500-1000
P35968,645,500-1000
P36269,987,500-1000
P36402,544,500-1000
P36406,886,500-1000
P36543,4300,>1000
P36544,645,500-1000
P36639,1488,>1000
P36776,1488,>1000
P36871,886,500-1000
P36896,987,500-1000
P36897,680,500-1000
P36956,680,500-1000
P37088,454,100-500
P37173,987,500-1000
P37231,810,500-1000
P37268,645,500-1000
P37275,645,500-1000
P37287,1488,>1000
P37840,645,500-1000
P38159,18,<100
P38398,950,500-1000
P38405,1488,>1000
P39060,645,500-1000
P39656,1488,>1000
P39880,645,500-1000
P39905,645,500-1000
P40123,1714,>1000
P40189,544,500-1000
P40198,544,500-1000
P40225,332,100-500
P40259,332,100-500
P40305,55,<100
P40337,55,<100
P40424,950,500-1000
P40426,950,500-1000
P40692,4300,>1000
P40763,645,500-1000
P40925,1714,>1000
P40967,645,500-1000
P41217,680,500-1000
P41220,454,100-500
P41229,382,100-500
P41235,987,500-1000
P41440,987,500-1000
P41586,454,100-500
P41594,987,500-1000
P42081,382,100-500
P42226,454,100-500
P42261,886,500-1000
P42262,950,500-1000
P42331,987,500-1000
P42357,1488,>1000
P42575,886,500-1000
P42679,544,500-1000
P42684,886,500-1000
P42701,332,100-500
P42771,382,100-500
P42892,680,500-1000
P43004,645,500-1000
P43088,950,500-1000
P43115,950,500-1000
P43155,1292,>1000
P43250,680,500-1000
P43251,645,500-1000
P43268,987,500-1000
P43351,645,500-1000
P43403,544,500-1000
P43897,4300,>1000
P45378,645,500-1000
P45379,810,500-1000
P45844,4300,>1000
P45880,1488,>1000
P45983,1488,>1000
P45984,4300,>1000
P46020,987,500-1000
P46087,8,<100
P46098,645,500-1000
P46100,1714,>1000
P46379,3,<100
P46597,645,500-1000
P46734,645,500-1000
P46736,645,500-1000
P46779,645,500-1000
P46934,645,500-1000
P46937,544,500-1000
P46939,987,500-1000
P46976,544,500-1000
P47710,55,<100
P47736,645,500-1000
P47804,544,500-1000
P47870,544,500-1000
P48029,680,500-1000
P48048,645,500-1000
P48059,18,<100
P48061,454,100-500
P48067,645,500-1000
P48357,544,500-1000
P48380,1292,>1000
P48449,645,500-1000
P48454,454,100-500
P48546,382,100-500
P48551,332,100-500
P48634,950,500-1000
P48651,1714,>1000
P48728,4300,>1000
P48729,987,500-1000
P48739,645,500-1000
P48740,680,500-1000
P48751,987,500-1000
P48960,645,500-1000
P49023,886,500-1000
P49189,4300,>1000
P49238,454,100-500
P49281,1488,>1000
P49321,1488,>1000
P49326,244,100-500
P49354,4300,>1000
P49366,4300,>1000
P49419,1488,>1000
P49459,645,500-1000
P49589,4300,>1000
P49619,987,500-1000
P49639,645,500-1000
P49641,950,500-1000
P49662,886,500-1000
P49682,454,100-500
P49715,680,500-1000
P49748,1064,>1000
P49750,987,500-1000
P49754,1714,>1000
P49755,1714,>1000
P49756,987,500-1000
P49757,950,500-1000
P49758,645,500-1000
P49759,680,500-1000
P49760,4300,>1000
P49761,680,500-1000
P49763,454,100-500
P49768,544,500-1000
P49771,244,100-500
P49790,680,500-1000
P49796,810,500-1000
P49798,886,500-1000
P49802,645,500-1000
P49810,1488,>1000
P49815,1488,>1000
P49842,645,500-1000
P49848,1488,>1000
P49895,680,500-1000
P49903,1064,>1000
P49916,1488,>1000
P49959,4300,>1000
P49961,645,500-1000
P50135,544,500-1000
P50221,886,500-1000
P50440,680,500-1000
P50452,544,500-1000
P50539,987,500-1000
P50542,1714,>1000
P50549,645,500-1000
P50570,544,500-1000
P50579,987,500-1000
P50990,4300,>1000
P51114,987,500-1000
P51157,645,500-1000
P51172,424,100-500
P51398,1488,>1000
P51513,950,500-1000
P51530,4300,>1000
P51532,544,500-1000
P51606,987,500-1000
P51610,645,500-1000
P51617,1292,>1000
P51636,950,500-1000
P51654,950,500-1000
P51659,1064,>1000
P51674,810,500-1000
P51689,78,<100
P51788,645,500-1000
P51790,886,500-1000
P51797,1488,>1000
P51800,382,100-500
P51809,1488,>1000
P51814,168,100-500
P51816,645,500-1000
P51825,950,500-1000
P51854,132,100-500
P51857,4300,>1000
P51858,454,100-500
P51878,886,500-1000
P51955,987,500-1000
P51957,544,500-1000
P51965,1488,>1000
P52298,1714,>1000
P52306,645,500-1000
P52333,382,100-500
P52434,4300,>1000
P52569,4300,>1000
P52594,645,500-1000
P52701,1714,>1000
P52735,645,500-1000
P52736,132,100-500
P52742,645,500-1000
P52744,55,<100
P52747,1488,>1000
P52756,680,500-1000
P52757,1488,>1000
P52798,332,100-500
P52848,987,500-1000
P52926,886,500-1000
P52948,1488,>1000
P52952,810,500-1000
P53355,886,500-1000
P53365,950,500-1000
P53367,950,500-1000
P53396,1488,>1000
P53539,680,500-1000
P53634,1488,>1000
P53667,645,500-1000
P53671,544,500-1000
P53779,1488,>1000
P53804,680,500-1000
P53805,680,500-1000
P53814,382,100-500
P53990,1714,>1000
P54108,382,100-500
P54219,454,100-500
P54252,645,500-1000
P54257,950,500-1000
P54277,950,500-1000
P54278,1714,>1000
P54284,950,500-1000
P54289,680,500-1000
P54315,244,100-500
P54578,1488,>1000
P54619,1488,>1000
P54687,4300,>1000
P54725,1714,>1000
P54750,987,500-1000
P54756,544,500-1000
P54760,544,500-1000
P54762,645,500-1000
P54803,680,500-1000
P54819,1714,>1000
P54829,544,500-1000
P54868,332,100-500
P55001,645,500-1000
P55008,645,500-1000
P55017,1292,>1000
P55058,987,500-1000
P55060,1714,>1000
P55075,680,500-1000
P55196,987,500-1000
P55197,950,500-1000
P55201,1488,>1000
P55209,886,500-1000
P55210,987,500-1000
P55211,886,500-1000
P55259,55,<100
P55263,4300,>1000
P55265,987,500-1000
P55290,645,500-1000
P55327,3,<100
P55345,382,100-500
P55735,4300,>1000
P55808,36,<100
P55916,382,100-500
P55957,244,100-500
P56134,382,100-500
P56179,886,500-1000
P56180,950,500-1000
P56270,645,500-1000
P56282,4300,>1000
P56545,4300,>1000
P56817,645,500-1000
P56937,680,500-1000
P56945,987,500-1000
P56975,544,500-1000
P57054,645,500-1000
P57071,645,500-1000
P57075,424,100-500
P57081,544,500-1000
P57087,544,500-1000
P57103,680,500-1000
P57721,244,100-500
P57727,680,500-1000
P57737,987,500-1000
P57740,1488,>1000
P57789,950,500-1000
P58005,1064,>1000
P58215,987,500-1000
P58335,645,500-1000
P58340,987,500-1000
P58397,645,500-1000
P58418,886,500-1000
P58499,645,500-1000
P58505,645,500-1000
P58557,680,500-1000
P58658,382,100-500
P58743,645,500-1000
P58753,544,500-1000
P58872,1488,>1000
P59045,101,100-500
P59046,544,500-1000
P59103,25,<100
P59510,645,500-1000
P59998,1714,>1000
P60174,4300,>1000
P60484,70,<100
P60842,332,100-500
P60900,4300,>1000
P61077,645,500-1000
P61086,645,500-1000
P61224,454,100-500
P61244,987,500-1000
P61289,1064,>1000
P61923,4300,>1000
P61978,1292,>1000
P62068,645,500-1000
P62070,1488,>1000
P62136,645,500-1000
P62508,680,500-1000
P62633,1488,>1000
P62820,424,100-500
P62847,4300,>1000
P62899,78,<100
P62995,645,500-1000
P63010,680,500-1000
P67812,4300,>1000
P68036,645,500-1000
P68402,886,500-1000
P78310,645,500-1000
P78312,680,500-1000
P78314,680,500-1000
P78324,18,<100
P78325,645,500-1000
P78332,454,100-500
P78347,544,500-1000
P78348,987,500-1000
P78352,454,100-500
P78369,544,500-1000
P78380,382,100-500
P78381,645,500-1000
P78396,4300,>1000
P78410,382,100-500
P78411,645,500-1000
P78417,454,100-500
P78509,886,500-1000
P78524,645,500-1000
P78539,544,500-1000
P78549,645,500-1000
P78563,987,500-1000
P81408,645,500-1000
P81605,55,<100
P81877,645,500-1000
P82279,645,500-1000
P82663,987,500-1000
P82912,645,500-1000
P84022,987,500-1000
P84101,132,100-500
P84157,25,<100
P84550,645,500-1000
P85298,645,500-1000
P85299,645,500-1000
P98082,987,500-1000
P98153,645,500-1000
P98161,1064,>1000
P98173,454,100-500
P98175,454,100-500
P98182,168,100-500
P98194,886,500-1000
P98198,4300,>1000
Q00005,4300,>1000
Q00013,987,500-1000
Q00532,4300,>1000
Q00536,454,100-500
Q00653,424,100-500
Q00722,1714,>1000
Q00872,950,500-1000
Q00888,168,100-500
Q00973,645,500-1000
Q00987,950,500-1000
Q01081,1714,>1000
Q01082,987,500-1000
Q01105,55,<100
Q01113,332,100-500
Q01167,645,500-1000
Q01196,645,500-1000
Q01344,424,100-500
Q01432,1714,>1000
Q01433,1714,>1000
Q01484,645,500-1000
Q01543,645,500-1000
Q01638,454,100-500
Q01668,645,500-1000
Q01804,1488,>1000
Q01814,886,500-1000
Q01831,1714,>1000
Q01844,987,500-1000
Q01892,645,500-1000
Q01955,544,500-1000
Q01973,645,500-1000
Q02040,987,500-1000
Q02078,645,500-1000
Q02083,680,500-1000
Q02153,950,500-1000
Q02161,680,500-1000
Q02218,1488,>1000
Q02241,1488,>1000
Q02297,645,500-1000
Q02447,544,500-1000
Q02505,36,<100
Q02548,544,500-1000
Q02641,950,500-1000
Q02763,645,500-1000
Q02833,680,500-1000
Q02930,1292,>1000
Q02952,645,500-1000
Q02962,645,500-1000
Q03001,645,500-1000
Q03013,987,500-1000
Q03060,1292,>1000
Q03112,810,500-1000
Q03113,1488,>1000
Q03154,1064,>1000
Q03164,1488,>1000
Q03181,810,500-1000
Q03405,382,100-500
Q03721,645,500-1000
Q03923,55,<100
Q03936,70,<100
Q04206,454,100-500
Q04609,987,500-1000
Q04637,886,500-1000
Q04656,4300,>1000
Q04671,645,500-1000
Q04725,544,500-1000
Q04726,987,500-1000
Q04727,645,500-1000
Q04759,645,500-1000
Q04900,454,100-500
Q04912,645,500-1000
Q05084,987,500-1000
Q05086,1488,>1000
Q05193,645,500-1000
Q05209,645,500-1000
Q05397,645,500-1000
Q05513,680,500-1000
Q05586,645,500-1000
Q05682,645,500-1000
Q05707,645,500-1000
Q05932,4300,>1000
Q05BQ5,680,500-1000
Q05BV3,645,500-1000
Q06055,680,500-1000
Q06124,645,500-1000
Q06190,680,500-1000
Q06265,645,500-1000
Q06323,454,100-500
Q06330,987,500-1000
Q06413,645,500-1000
Q06455,645,500-1000
Q06481,645,500-1000
Q06547,544,500-1000
Q06609,645,500-1000
Q06710,544,500-1000
Q06730,168,100-500
Q06787,987,500-1000
Q07343,950,500-1000
Q07666,645,500-1000
Q07812,987,500-1000
Q07817,987,500-1000
Q07837,645,500-1000
Q07866,987,500-1000
Q07912,424,100-500
Q07955,544,500-1000
Q07973,544,500-1000
Q08050,680,500-1000
Q08209,645,500-1000
Q08257,1488,>1000
Q08289,950,500-1000
Q08345,3,<100
Q08378,645,500-1000
Q08431,987,500-1000
Q08493,987,500-1000
Q08495,645,500-1000
Q08499,950,500-1000
Q08623,1292,>1000
Q08648,3,<100
Q08722,332,100-500
Q08AD1,544,500-1000
Q08AE8,680,500-1000
Q08AI8,544,500-1000
Q08J23,1488,>1000
Q09013,382,100-500
Q09028,1488,>1000
Q09428,680,500-1000
Q09FC8,55,<100
Q0D2I5,645,500-1000
Q0D2J5,70,<100
Q0GE19,987,500-1000
Q0IIM8,544,500-1000
Q0JRZ9,645,500-1000
Q0P651,987,500-1000
Q0VAM2,645,500-1000
Q0VD83,244,100-500
Q0VDD8,244,100-500
Q0VG06,645,500-1000
Q0ZGT2,680,500-1000
Q10567,4300,>1000
Q11203,645,500-1000
Q11206,645,500-1000
Q12756,645,500-1000
Q12765,645,500-1000
Q12767,1064,>1000
Q12769,1488,>1000
Q12770,1488,>1000
Q12791,645,500-1000
Q12792,645,500-1000
Q12794,886,500-1000
Q12797,987,500-1000
Q12800,987,500-1000
Q12802,680,500-1000
Q12805,645,500-1000
Q12809,987,500-1000
Q12815,244,100-500
Q12816,1488,>1000
Q12830,950,500-1000
Q12857,987,500-1000
Q12860,645,500-1000
Q12873,645,500-1000
Q12888,645,500-1000
Q12906,987,500-1000
Q12913,645,500-1000
Q12923,645,500-1000
Q12933,680,500-1000
Q12934,544,500-1000
Q12955,645,500-1000
Q12959,987,500-1000
Q12967,544,500-1000
Q12968,645,500-1000
Q12972,987,500-1000
Q12974,1714,>1000
Q12979,987,500-1000
Q12981,1488,>1000
Q12986,1714,>1000
Q12996,1488,>1000
Q13002,950,500-1000
Q13007,244,100-500
Q13017,645,500-1000
Q13029,544,500-1000
Q13042,1714,>1000
Q13045,1488,>1000
Q13061,544,500-1000
Q13085,3,<100
Q13098,4300,>1000
Q13099,987,500-1000
Q13105,645,500-1000
Q13107,1714,>1000
Q13111,1292,>1000
Q13117,8,<100
Q13118,886,500-1000
Q13126,1292,>1000
Q13127,645,500-1000
Q13133,454,100-500
Q13137,950,500-1000
Q13163,1714,>1000
Q13164,4300,>1000
Q13183,886,500-1000
Q13190,4300,>1000
Q13191,645,500-1000
Q13200,4300,>1000
Q13228,680,500-1000
Q13231,886,500-1000
Q13239,987,500-1000
Q13241,382,100-500
Q13243,645,500-1000
Q13247,544,500-1000
Q13255,987,500-1000
Q13261,244,100-500
Q13277,454,100-500
Q13286,645,500-1000
Q13291,544,500-1000
Q13303,4300,>1000
Q13308,680,500-1000
Q13309,1488,>1000
Q13310,645,500-1000
Q13322,987,500-1000
Q13324,645,500-1000
Q13330,987,500-1000
Q13332,645,500-1000
Q13342,382,100-500
Q13352,332,100-500
Q13360,78,<100
Q13362,4300,>1000
Q13367,680,500-1000
Q13387,454,100-500
Q13393,680,500-1000
Q13398,36,<100
Q13402,987,500-1000
Q13404,1488,>1000
Q13409,645,500-1000
Q13418,987,500-1000
Q13421,680,500-1000
Q13422,680,500-1000
Q13426,544,500-1000
Q13428,382,100-500
Q13438,645,500-1000
Q13439,680,500-1000
Q13444,645,500-1000
Q13469,544,500-1000
Q13472,4300,>1000
Q13477,168,100-500
Q13491,810,500-1000
Q13492,1488,>1000
Q13495,544,500-1000
Q13505,1488,>1000
Q13508,544,500-1000
Q13510,950,500-1000
Q13535,1488,>1000
Q13554,544,500-1000
Q13555,544,500-1000
Q13557,78,<100
Q13561,645,500-1000
Q13563,950,500-1000
Q13564,1714,>1000
Q13568,987,500-1000
Q13574,680,500-1000
Q13576,1488,>1000
Q13595,680,500-1000
Q13596,645,500-1000
Q13608,645,500-1000
Q13615,1488,>1000
Q13618,1714,>1000
Q13620,680,500-1000
Q13625,645,500-1000
Q13627,1488,>1000
Q13635,1488,>1000
Q13639,645,500-1000
Q13642,680,500-1000
Q13683,987,500-1000
Q13740,544,500-1000
Q13772,680,500-1000
Q13795,1488,>1000
Q13813,810,500-1000
Q13822,1488,>1000
Q13868,4300,>1000
Q13875,645,500-1000
Q13887,950,500-1000
Q13905,1488,>1000
Q13936,645,500-1000
Q13938,424,100-500
Q13946,987,500-1000
Q13950,987,500-1000
Q13952,1488,>1000
Q13972,645,500-1000
Q13976,680,500-1000
Q14005,645,500-1000
Q14008,4300,>1000
Q14011,544,500-1000
Q14028,55,<100
Q14103,544,500-1000
Q14114,645,500-1000
Q14123,950,500-1000
Q14135,645,500-1000
Q14141,1292,>1000
Q14142,454,100-500
Q14155,645,500-1000
Q14156,1488,>1000
Q14157,886,500-1000
Q14159,544,500-1000
Q14160,1488,>1000
Q14161,645,500-1000
Q14162,680,500-1000
Q14168,680,500-1000
Q14188,1064,>1000
Q14202,544,500-1000
Q14203,1488,>1000
Q14244,645,500-1000
Q14246,424,100-500
Q14247,645,500-1000
Q14296,645,500-1000
Q14318,645,500-1000
Q14393,382,100-500
Q14406,544,500-1000
Q14439,645,500-1000
Q14444,987,500-1000
Q14451,987,500-1000
Q14498,645,500-1000
Q14508,332,100-500
Q14511,987,500-1000
Q14524,382,100-500
Q14542,680,500-1000
Q14587,86,<100
Q14624,332,100-500
Q14643,680,500-1000
Q14653,987,500-1000
Q14667,1292,>1000
Q14669,1488,>1000
Q14671,4300,>1000
Q14676,987,500-1000
Q14677,645,500-1000
Q14680,1292,>1000
Q14687,645,500-1000
Q14689,1292,>1000
Q14693,544,500-1000
Q14694,645,500-1000
Q14697,680,500-1000
Q14714,645,500-1000
Q14722,4300,>1000
Q14738,4300,>1000
Q14766,544,500-1000
Q14773,168,100-500
Q14789,544,500-1000
Q14790,886,500-1000
Q14802,244,100-500
Q14814,454,100-500
Q14831,645,500-1000
Q14833,645,500-1000
Q14847,987,500-1000
Q14849,987,500-1000
Q14865,987,500-1000
Q14934,454,100-500
Q14938,987,500-1000
Q14966,544,500-1000
Q14978,454,100-500
Q14980,544,500-1000
Q14982,544,500-1000
Q14994,810,500-1000
Q14997,1714,>1000
Q149M9,4300,>1000
Q149N8,645,500-1000
Q14BN4,645,500-1000
Q14C86,987,500-1000
Q14CB8,645,500-1000
Q14CN4,382,100-500
Q14D04,645,500-1000
Q14DG7,382,100-500
Q15008,4300,>1000
Q15011,987,500-1000
Q15019,680,500-1000
Q15020,1488,>1000
Q15025,680,500-1000
Q15029,4300,>1000
Q15032,645,500-1000
Q15038,950,500-1000
Q15041,645,500-1000
Q15042,1064,>1000
Q15043,987,500-1000
Q15047,4300,>1000
Q15051,987,500-1000
Q15054,168,100-500
Q15063,886,500-1000
Q15067,645,500-1000
Q15070,1714,>1000
Q15084,4300,>1000
Q15109,244,100-500
Q15131,950,500-1000
Q15147,987,500-1000
Q15149,645,500-1000
Q15154,987,500-1000
Q15165,645,500-1000
Q15185,4300,>1000
Q15223,680,500-1000
Q15256,544,500-1000
Q15257,4300,>1000
Q15262,645,500-1000
Q15287,987,500-1000
Q15303,645,500-1000
Q15326,810,500-1000
Q15329,1064,>1000
Q15349,544,500-1000
Q15366,454,100-500
Q15375,544,500-1000
Q15386,1292,>1000
Q15393,1934,>1000
Q15398,987,500-1000
Q15406,680,500-1000
Q15413,680,500-1000
Q15417,1488,>1000
Q15418,544,500-1000
Q15424,544,500-1000
Q15435,70,<100
Q15438,4300,>1000
Q15555,1488,>1000
Q15561,454,100-500
Q15562,382,100-500
Q15572,680,500-1000
Q15583,886,500-1000
Q15599,987,500-1000
Q155Q3,987,500-1000
Q15637,1488,>1000
Q15642,1488,>1000
Q15646,680,500-1000
Q15652,680,500-1000
Q15654,244,100-500
Q15700,680,500-1000
Q15714,680,500-1000
Q15723,645,500-1000
Q15735,4300,>1000
Q15742,886,500-1000
Q15746,810,500-1000
Q15758,645,500-1000
Q15772,244,100-500
Q15782,168,100-500
Q15788,645,500-1000
Q15811,1488,>1000
Q15833,544,500-1000
Q15853,645,500-1000
Q15858,382,100-500
Q15878,544,500-1000
Q15884,645,500-1000
Q15910,987,500-1000
Q15973,55,<100
Q16222,4300,>1000
Q16236,645,500-1000
Q16281,886,500-1000
Q16288,544,500-1000
Q16342,1714,>1000
Q16363,544,500-1000
Q16512,680,500-1000
Q16513,680,500-1000
Q16537,4300,>1000
Q16539,645,500-1000
Q16587,168,100-500
Q16595,645,500-1000
Q16610,454,100-500
Q16620,645,500-1000
Q16623,4300,>1000
Q16625,987,500-1000
Q16629,950,500-1000
Q16630,645,500-1000
Q16635,1488,>1000
Q16637,1064,>1000
Q16643,544,500-1000
Q16653,3,<100
Q16656,987,500-1000
Q16665,680,500-1000
Q16666,78,<100
Q16671,987,500-1000
Q16720,4300,>1000
Q16773,4300,>1000
Q16774,4300,>1000
Q16775,645,500-1000
Q16787,544,500-1000
Q16799,950,500-1000
Q16822,1064,>1000
Q16827,987,500-1000
Q16836,645,500-1000
Q16849,886,500-1000
Q16853,645,500-1000
Q16854,680,500-1000
Q16875,1064,>1000
Q16877,1064,>1000
Q16881,454,100-500
Q16890,810,500-1000
Q16891,1488,>1000
Q17R31,4300,>1000
Q17R89,454,100-500
Q17R98,544,500-1000
Q17RD7,645,500-1000
Q17RM4,168,100-500
Q17RY0,987,500-1000
Q18PE1,645,500-1000
Q1A5X6,424,100-500
Q1HG43,810,500-1000
Q1MSJ5,950,500-1000
Q1MX18,544,500-1000
Q1X8D7,382,100-500
Q1ZYL8,132,100-500
Q24JP5,332,100-500
Q24JQ0,680,500-1000
Q27J81,950,500-1000
Q29980,544,500-1000
Q2KHR2,645,500-1000
Q2KHT3,1714,>1000
Q2KHT4,454,100-500
Q2LD37,987,500-1000
Q2M296,645,500-1000
Q2M2Z5,680,500-1000
Q2M3G0,4300,>1000
Q2M3M2,886,500-1000
Q2M3W8,987,500-1000
Q2MKA7,645,500-1000
Q2MV58,680,500-1000
Q2NKQ1,645,500-1000
Q2NL67,680,500-1000
Q2NL68,168,100-500
Q2PPJ7,544,500-1000
Q2QGD7,244,100-500
Q2T9K0,544,500-1000
Q2TAC6,645,500-1000
Q2TAK8,680,500-1000
Q2TAZ0,1488,>1000
Q2TB90,1292,>1000
Q2TBC4,168,100-500
Q2TBE0,1488,>1000
Q2UY09,382,100-500
Q2V2M9,680,500-1000
Q2VPA4,55,<100
Q2VPK5,1488,>1000
Q2VYF4,1488,>1000
Q2Y0W8,987,500-1000
Q30201,544,500-1000
Q32M45,645,500-1000
Q32MH5,645,500-1000
Q32MZ4,810,500-1000
Q32NB8,1488,>1000
Q32P28,886,500-1000
Q32P44,544,500-1000
Q330K2,645,500-1000
Q33E94,950,500-1000
Q3B7J2,987,500-1000
Q3B7T1,987,500-1000
Q3B7T3,132,100-500
Q3B820,645,500-1000
Q3KNS6,101,100-500
Q3KNT9,168,100-500
Q3KP22,132,100-500
Q3KP44,680,500-1000
Q3KPI0,18,<100
Q3KQU3,645,500-1000
Q3KQZ1,454,100-500
Q3KR16,168,100-500
Q3KR37,645,500-1000
Q3KRA9,1714,>1000
Q3L8U1,1714,>1000
Q3SXY8,645,500-1000
Q3SXZ7,987,500-1000
Q3SY52,93,<100
Q3SY69,4300,>1000
Q3SYC2,1488,>1000
Q3SYG4,987,500-1000
Q3T8J9,645,500-1000
Q3V5L5,680,500-1000
Q3V6T2,1064,>1000
Q3YBR2,645,500-1000
Q3YEC7,1064,>1000
Q3ZCQ8,645,500-1000
Q3ZCX4,168,100-500
Q401N2,168,100-500
Q460N5,886,500-1000
Q494U1,382,100-500
Q495B1,950,500-1000
Q495C1,55,<100
Q495M3,4300,>1000
Q495N2,4300,>1000
Q495T6,645,500-1000
Q496Y0,1292,>1000
Q499Z3,544,500-1000
Q49A26,810,500-1000
Q49A88,680,500-1000
Q49A92,680,500-1000
Q49AJ0,4300,>1000
Q49AR2,987,500-1000
Q49MI3,4300,>1000
Q4AC94,987,500-1000
Q4ADV7,1488,>1000
Q4AE62,987,500-1000
Q4FZB7,950,500-1000
Q4G0J3,1292,>1000
Q4G0N4,810,500-1000
Q4G0P3,244,100-500
Q4G0T1,424,100-500
Q4G0U5,168,100-500
Q4G0X9,987,500-1000
Q4G0Z9,680,500-1000
Q4G1C9,680,500-1000
Q4J6C6,645,500-1000
Q4JDL3,645,500-1000
Q4KMQ1,680,500-1000
Q4KMQ2,645,500-1000
Q4KMZ1,132,100-500
Q4KWH8,680,500-1000
Q4L180,680,500-1000
Q4L235,987,500-1000
Q4LDE5,645,500-1000
Q4LDG9,987,500-1000
Q4LE39,987,500-1000
Q4U2R8,244,100-500
Q4V328,987,500-1000
Q4VC12,645,500-1000
Q4VC44,244,100-500
Q4VNC1,4300,>1000
Q4ZG55,86,<100
Q4ZJI4,987,500-1000
Q502W6,1064,>1000
Q504Q3,1714,>1000
Q504Y0,886,500-1000
Q53EL9,645,500-1000
Q53EP0,950,500-1000
Q53F39,886,500-1000
Q53GD3,645,500-1000
Q53GG5,645,500-1000
Q53GS9,1488,>1000
Q53H47,55,<100
Q53H76,645,500-1000
Q53RD9,1064,>1000
Q53SF7,544,500-1000
Q53T94,950,500-1000
Q53TN4,680,500-1000
Q53TS8,244,100-500
Q562E7,4300,>1000
Q562F6,382,100-500
Q569H4,645,500-1000
Q569K4,680,500-1000
Q56UN5,645,500-1000
Q58A45,950,500-1000
Q58EX2,645,500-1000
Q58EX7,645,500-1000
Q58F21,1488,>1000
Q58WW2,645,500-1000
Q59EK9,454,100-500
Q59H18,544,500-1000
Q5BJD5,1488,>1000
Q5BJE1,132,100-500
Q5BJF6,987,500-1000
Q5BJH7,4300,>1000
Q5BKX5,1064,>1000
Q5BKX6,645,500-1000
Q5BKZ1,645,500-1000
Q5BLP8,544,500-1000
Q5BVD1,332,100-500
Q5D0E6,987,500-1000
Q5DID0,132,100-500
Q5DX21,645,500-1000
Q5EB52,1064,>1000
Q5EBL4,886,500-1000
Q5EBM0,680,500-1000
Q5F1R6,1714,>1000
Q5FBB7,544,500-1000
Q5FVE4,886,500-1000
Q5FWE3,544,500-1000
Q5FWF4,645,500-1000
Q5FWF6,168,100-500
Q5GFL6,645,500-1000
Q5GLZ8,645,500-1000
Q5H8A4,1064,>1000
Q5H8C1,680,500-1000
Q5H9F3,886,500-1000
Q5H9K5,382,100-500
Q5H9L4,132,100-500
Q5H9R4,132,100-500
Q5H9R7,1488,>1000
Q5HYI7,1488,>1000
Q5HYJ3,886,500-1000
Q5HYK7,680,500-1000
Q5HYL7,424,100-500
Q5I0G3,987,500-1000
Q5IJ48,382,100-500
Q5J8M3,1714,>1000
Q5J8X5,950,500-1000
Q5JPE7,987,500-1000
Q5JPF3,55,<100
Q5JR59,645,500-1000
Q5JRA6,680,500-1000
Q5JRV8,544,500-1000
Q5JRX3,4300,>1000
Q5JS13,1488,>1000
Q5JS54,332,100-500
Q5JSH3,1488,>1000
Q5JSP0,1488,>1000
Q5JTD0,132,100-500
Q5JTH9,645,500-1000
Q5JTJ3,544,500-1000
Q5JTV8,950,500-1000
Q5JTW2,987,500-1000
Q5JU69,950,500-1000
Q5JU85,454,100-500
Q5JUK3,810,500-1000
Q5JUW0,101,100-500
Q5JVF3,1714,>1000
Q5JVG2,168,100-500
Q5JVL4,987,500-1000
Q5JW98,680,500-1000
Q5JWF2,1488,>1000
Q5JXA9,454,100-500
Q5JZY3,382,100-500
Q5K4E3,244,100-500
Q5K4L6,332,100-500
Q5M775,1064,>1000
Q5M7Z0,645,500-1000
Q5M9N0,544,500-1000
Q5MIZ7,1488,>1000
Q5NDL2,987,500-1000
Q5QGZ9,382,100-500
Q5QJU3,680,500-1000
Q5R372,544,500-1000
Q5RHP9,987,500-1000
Q5RIA9,544,500-1000
Q5SGD2,645,500-1000
Q5SNV9,132,100-500
Q5SQH8,987,500-1000
Q5SQI0,987,500-1000
Q5SQN1,645,500-1000
Q5SQS7,680,500-1000
Q5SRE7,1488,>1000
Q5SRH9,1714,>1000
Q5SRN2,132,100-500
Q5SRR4,3,<100
Q5SSG8,70,<100
Q5SSJ5,645,500-1000
Q5ST30,645,500-1000
Q5SV97,332,100-500
Q5SW24,645,500-1000
Q5SW79,680,500-1000
Q5SWX8,950,500-1000
Q5SXH7,332,100-500
Q5SY80,244,100-500
Q5SYB0,950,500-1000
Q5SZJ8,332,100-500
Q5SZL2,680,500-1000
Q5SZQ8,454,100-500
Q5T011,886,500-1000
Q5T013,645,500-1000
Q5T0F9,1064,>1000
Q5T0J7,132,100-500
Q5T0N1,987,500-1000
Q5T0N5,1488,>1000
Q5T0Z8,55,<100
Q5T124,987,500-1000
Q5T197,680,500-1000
Q5T1B0,680,500-1000
Q5T1H1,244,100-500
Q5T1M5,1714,>1000
Q5T1N1,680,500-1000
Q5T292,168,100-500
Q5T2E6,1488,>1000
Q5T2R2,4300,>1000
Q5T3F8,544,500-1000
Q5T4D3,645,500-1000
Q5T4F4,645,500-1000
Q5T4S7,1064,>1000
Q5T4W7,645,500-1000
Q5T5C0,950,500-1000
Q5T5M9,4300,>1000
Q5T5P2,950,500-1000
Q5T5S1,36,<100
Q5T5Y3,645,500-1000
Q5T6J7,645,500-1000
Q5T6L9,1488,>1000
Q5T6S3,987,500-1000
Q5T6X5,544,500-1000
Q5T700,680,500-1000
Q5T7B8,950,500-1000
Q5T7W0,544,500-1000
Q5T890,544,500-1000
Q5T8D3,886,500-1000
Q5T8P6,1488,>1000
Q5T9A4,18,<100
Q5T9C2,987,500-1000
Q5T9G4,645,500-1000
Q5T9L3,987,500-1000
Q5TA45,4300,>1000
Q5TAT6,454,100-500
Q5TC12,1714,>1000
Q5TC63,645,500-1000
Q5TC79,454,100-500
Q5TCQ9,645,500-1000
Q5TCS8,680,500-1000
Q5TCX8,645,500-1000
Q5TCZ1,645,500-1000
Q5TD94,987,500-1000
Q5TDH0,1488,>1000
Q5TDP6,544,500-1000
Q5TEJ8,645,500-1000
Q5TH74,987,500-1000
Q5THK1,544,500-1000
Q5THR3,987,500-1000
Q5TIA1,645,500-1000
Q5TID7,680,500-1000
Q5TIE3,950,500-1000
Q5TKA1,645,500-1000
Q5U5Z8,454,100-500
Q5VIR6,1714,>1000
Q5VSG8,645,500-1000
Q5VSL9,1488,>1000
Q5VST9,645,500-1000
Q5VT25,987,500-1000
Q5VT52,987,500-1000
Q5VT66,382,100-500
Q5VTH9,987,500-1000
Q5VTQ0,1714,>1000
Q5VTT5,950,500-1000
Q5VTY9,886,500-1000
Q5VU43,886,500-1000
Q5VUJ9,886,500-1000
Q5VV42,987,500-1000
Q5VV43,987,500-1000
Q5VVJ2,645,500-1000
Q5VVW2,1488,>1000
Q5VW38,1488,>1000
Q5VWK5,454,100-500
Q5VWP3,544,500-1000
Q5VWQ8,1064,>1000
Q5VWW1,886,500-1000
Q5VX71,645,500-1000
Q5VXD3,680,500-1000
Q5VXU1,950,500-1000
Q5VXU9,168,100-500
Q5VYM1,132,100-500
Q5VYS8,987,500-1000
Q5VZ89,1292,>1000
Q5VZF2,645,500-1000
Q5VZI3,454,100-500
Q5VZK9,680,500-1000
Q5VZL5,544,500-1000
Q5VZY2,810,500-1000
Q5W041,987,500-1000
Q5W0Z9,4300,>1000
Q5W5X9,645,500-1000
Q5XG92,987,500-1000
Q5XKK7,680,500-1000
Q5XKR9,544,500-1000
Q5XX13,950,500-1000
Q5XXA6,544,500-1000
Q5ZPR3,544,500-1000
Q60I27,544,500-1000
Q63HN8,680,500-1000
Q63HQ2,544,500-1000
Q63HR2,680,500-1000
Q63ZY3,987,500-1000
Q658P3,645,500-1000
Q659C4,1488,>1000
Q66K79,645,500-1000
Q66PJ3,987,500-1000
Q674R7,168,100-500
Q674X7,987,500-1000
Q676U5,1488,>1000
Q684P5,544,500-1000
Q68BL7,680,500-1000
Q68CJ9,1292,>1000
Q68CL5,987,500-1000
Q68CQ1,332,100-500
Q68CR1,680,500-1000
Q68CZ2,950,500-1000
Q68D10,645,500-1000
Q68D51,645,500-1000
Q68DA7,645,500-1000
Q68DC2,987,500-1000
Q68DD2,424,100-500
Q68DK2,1292,>1000
Q68DK7,987,500-1000
Q68DQ2,645,500-1000
Q68DV7,680,500-1000
Q68DX3,645,500-1000
Q68DY1,55,<100
Q68DY9,645,500-1000
Q68E01,1064,>1000
Q68EM7,1064,>1000
Q68EN5,680,500-1000
Q68G75,132,100-500
Q69YN2,1488,>1000
Q69YN4,680,500-1000
Q6AWC2,886,500-1000
Q6BAA4,544,500-1000
Q6DHV5,987,500-1000
Q6DHV7,987,500-1000
Q6DKJ4,454,100-500
Q6DN12,680,500-1000
Q6DN14,1292,>1000
Q6DN72,132,100-500
Q6DN90,4300,>1000
Q6E0U4,168,100-500
Q6EMB2,101,100-500
Q6FI81,1714,>1000
Q6GPH4,544,500-1000
Q6GPH6,544,500-1000
Q6GTX8,132,100-500
Q6GYQ0,1488,>1000
Q6H3X3,544,500-1000
Q6H8Q1,645,500-1000
Q6H9L7,55,<100
Q6IA86,1488,>1000
Q6IBW4,1064,>1000
Q6ICG6,987,500-1000
Q6ICL3,645,500-1000
Q6IE81,1488,>1000
Q6IMN6,987,500-1000
Q6IN85,1488,>1000
Q6IPM2,132,100-500
Q6IPT4,544,500-1000
Q6IQ19,680,500-1000
Q6IQ23,680,500-1000
Q6IQ49,1488,>1000
Q6IQ55,544,500-1000
Q6ISU1,168,100-500
Q6IWH7,70,<100
Q6JQN1,1064,>1000
Q6K0P9,78,<100
Q6KB66,382,100-500
Q6KC79,1714,>1000
Q6KCM7,454,100-500
Q6MZP7,645,500-1000
Q6MZQ0,645,500-1000
Q6MZW2,950,500-1000
Q6N021,454,100-500
Q6N043,424,100-500
Q6N063,645,500-1000
Q6N069,1714,>1000
Q6NSI4,645,500-1000
Q6NSI8,987,500-1000
Q6NSZ9,132,100-500
Q6NT32,132,100-500
Q6NT76,810,500-1000
Q6NTE8,645,500-1000
Q6NTF7,544,500-1000
Q6NTF9,544,500-1000
Q6NUI2,886,500-1000
Q6NUN9,382,100-500
Q6NUS6,680,500-1000
Q6NUT3,987,500-1000
Q6NWY9,1488,>1000
Q6NXG1,382,100-500
Q6NXT4,987,500-1000
Q6NYC1,987,500-1000
Q6NYC8,454,100-500
Q6NZ36,8,<100
Q6NZI2,645,500-1000
Q6P087,645,500-1000
Q6P158,680,500-1000
Q6P179,950,500-1000
Q6P1J6,680,500-1000
Q6P1K2,454,100-500
Q6P1L6,78,<100
Q6P1M3,1064,>1000
Q6P1Q0,1714,>1000
Q6P1R3,544,500-1000
Q6P2C8,950,500-1000
Q6P2D8,987,500-1000
Q6P2H3,680,500-1000
Q6P2M8,382,100-500
Q6P3S1,680,500-1000
Q6P461,86,<100
Q6P499,1292,>1000
Q6P4A7,544,500-1000
Q6P4D5,645,500-1000
Q6P4E1,645,500-1000
Q6P4F1,886,500-1000
Q6P4F7,645,500-1000
Q6P4R8,645,500-1000
Q6P587,1488,>1000
Q6P597,168,100-500
Q6P5Q4,680,500-1000
Q6P5X7,544,500-1000
Q6P6C2,645,500-1000
Q6P996,645,500-1000
Q6P9F0,544,500-1000
Q6P9G9,132,100-500
Q6P9H5,168,100-500
Q6PCB0,544,500-1000
Q6PCT2,1714,>1000
Q6PDA7,101,100-500
Q6PEZ8,454,100-500
Q6PF05,645,500-1000
Q6PF06,987,500-1000
Q6PFW1,4300,>1000
Q6PGN9,544,500-1000
Q6PHR2,1714,>1000
Q6PHW0,544,500-1000
Q6PI47,886,500-1000
Q6PI97,168,100-500
Q6PI98,645,500-1000
Q6PII5,454,100-500
Q6PIJ6,645,500-1000
Q6PIL6,886,500-1000
Q6PIS1,645,500-1000
Q6PIU2,1488,>1000
Q6PJG6,544,500-1000
Q6PJI9,1488,>1000
Q6PJT7,987,500-1000
Q6PJW8,454,100-500
Q6PKC3,886,500-1000
Q6Q4G3,950,500-1000
Q6Q6R5,680,500-1000
Q6QEF8,424,100-500
Q6QHF9,1714,>1000
Q6QNK2,987,500-1000
Q6R327,1714,>1000
Q6RI45,645,500-1000
Q6RW13,680,500-1000
Q6S5H5,55,<100
Q6S8J3,55,<100
Q6SA08,454,100-500
Q6T4P5,987,500-1000
Q6T4R5,645,500-1000
Q6TCH4,1714,>1000
Q6TCH7,1292,>1000
Q6TDU7,987,500-1000
Q6TFL3,645,500-1000
Q6U841,987,500-1000
Q6ULP2,680,500-1000
Q6UN15,78,<100
Q6UUV9,645,500-1000
Q6UVM3,544,500-1000
Q6UW56,544,500-1000
Q6UW88,454,100-500
Q6UWE0,950,500-1000
Q6UWF3,168,100-500
Q6UWH4,645,500-1000
Q6UWJ1,680,500-1000
Q6UWL2,544,500-1000
Q6UWL6,810,500-1000
Q6UWP2,3,<100
Q6UWP7,1488,>1000
Q6UWU4,332,100-500
Q6UWV2,454,100-500
Q6UX01,680,500-1000
Q6UX07,544,500-1000
Q6UX15,645,500-1000
Q6UX27,382,100-500
Q6UX40,680,500-1000
Q6UX41,55,<100
Q6UX71,645,500-1000
Q6UXB0,645,500-1000
Q6UXC1,544,500-1000
Q6UXD5,454,100-500
Q6UXD7,987,500-1000
Q6UXG2,950,500-1000
Q6UXG3,168,100-500
Q6UXG8,244,100-500
Q6UXH1,680,500-1000
Q6UXH8,544,500-1000
Q6UXH9,680,500-1000
Q6UXI7,645,500-1000
Q6UXI9,680,500-1000
Q6UXS9,886,500-1000
Q6UXU4,382,100-500
Q6UXX9,645,500-1000
Q6UXY8,680,500-1000
Q6UY01,544,500-1000
Q6UY09,244,100-500
Q6UY14,454,100-500
Q6V0I7,645,500-1000
Q6V1X1,4300,>1000
Q6V702,987,500-1000
Q6VMQ6,950,500-1000
Q6VN20,1488,>1000
Q6W2J9,886,500-1000
Q6W5P4,645,500-1000
Q6WBX8,1714,>1000
Q6WCQ1,810,500-1000
Q6WKZ4,680,500-1000
Q6WN34,950,500-1000
Q6WRI0,987,500-1000
Q6X4W1,645,500-1000
Q6X9E4,1714,>1000
Q6XE24,645,500-1000
Q6XPS3,950,500-1000
Q6XQN6,4300,>1000
Q6XR72,4300,>1000
Q6XUX3,987,500-1000
Q6XZB0,168,100-500
Q6Y7W6,987,500-1000
Q6YHK3,950,500-1000
Q6YHU6,1714,>1000
Q6YI46,1488,>1000
Q6YP21,4300,>1000
Q6ZMB0,950,500-1000
Q6ZMI0,1064,>1000
Q6ZMJ2,645,500-1000
Q6ZMN7,810,500-1000
Q6ZMN8,4300,>1000
Q6ZMP0,645,500-1000
Q6ZMQ8,645,500-1000
Q6ZMV9,987,500-1000
Q6ZMY3,244,100-500
Q6ZMZ0,1488,>1000
Q6ZMZ3,544,500-1000
Q6ZN01,168,100-500
Q6ZN11,645,500-1000
Q6ZN16,645,500-1000
Q6ZN18,454,100-500
Q6ZN19,55,<100
Q6ZN44,886,500-1000
Q6ZN54,1064,>1000
Q6ZN84,987,500-1000
Q6ZNA4,645,500-1000
Q6ZNC8,1488,>1000
Q6ZNJ1,1064,>1000
Q6ZNR0,78,<100
Q6ZP29,645,500-1000
Q6ZP80,645,500-1000
Q6ZQX7,101,100-500
Q6ZR08,987,500-1000
Q6ZR37,987,500-1000
Q6ZR52,36,<100
Q6ZRF8,544,500-1000
Q6ZRI6,424,100-500
Q6ZRI8,168,100-500
Q6ZRR5,987,500-1000
Q6ZRS2,1488,>1000
Q6ZRS4,382,100-500
Q6ZS10,382,100-500
Q6ZS17,886,500-1000
Q6ZS27,86,<100
Q6ZS81,1488,>1000
Q6ZS86,1488,>1000
Q6ZSB9,645,500-1000
Q6ZSJ9,544,500-1000
Q6ZSZ5,987,500-1000
Q6ZT12,950,500-1000
Q6ZT89,1714,>1000
Q6ZT98,987,500-1000
Q6ZTN6,454,100-500
Q6ZTQ3,987,500-1000
Q6ZTR5,244,100-500
Q6ZU64,987,500-1000
Q6ZU67,454,100-500
Q6ZU80,680,500-1000
Q6ZUJ8,680,500-1000
Q6ZUM4,1064,>1000
Q6ZUS6,950,500-1000
Q6ZUT1,132,100-500
Q6ZUT6,544,500-1000
Q6ZUT9,680,500-1000
Q6ZUX3,1488,>1000
Q6ZV29,680,500-1000
Q6ZV50,680,500-1000
Q6ZV65,1488,>1000
Q6ZVD7,645,500-1000
Q6ZVD8,544,500-1000
Q6ZVH7,645,500-1000
Q6ZVM7,1292,>1000
Q6ZVN8,950,500-1000
Q6ZVT0,680,500-1000
Q6ZW05,1488,>1000
Q6ZW49,1488,>1000
Q6ZWE6,987,500-1000
Q6ZWH5,987,500-1000
Q6ZWJ8,680,500-1000
Q702N8,544,500-1000
Q709C8,645,500-1000
Q709F0,1488,>1000
Q70CQ2,645,500-1000
Q70E73,987,500-1000
Q70EL1,680,500-1000
Q70EL2,645,500-1000
Q70EL4,544,500-1000
Q70HW3,987,500-1000
Q70IA6,1292,>1000
Q70J99,645,500-1000
Q70SY1,1292,>1000
Q70UQ0,544,500-1000
Q70YC5,987,500-1000
Q70Z35,680,500-1000
Q70Z44,168,100-500
Q70Z53,1488,>1000
Q71F23,544,500-1000
Q71RC2,950,500-1000
Q71RG4,680,500-1000
Q71SY5,645,500-1000
Q71UI9,645,500-1000
Q75T13,1488,>1000
Q75VX8,680,500-1000
Q76FK4,645,500-1000
Q76I76,645,500-1000
Q76LX8,544,500-1000
Q76M96,168,100-500
Q7KYR7,78,<100
Q7KZ85,1714,>1000
Q7KZI7,544,500-1000
Q7L099,1292,>1000
Q7L0X2,950,500-1000
Q7L1Q6,544,500-1000
Q7L2E3,645,500-1000
Q7L2K0,645,500-1000
Q7L2R6,55,<100
Q7L4E1,886,500-1000
Q7L513,382,100-500
Q7L576,1064,>1000
Q7L591,332,100-500
Q7L5A3,544,500-1000
Q7L5Y1,987,500-1000
Q7L5Y9,1488,>1000
Q7L7X3,4300,>1000
Q7LBC6,987,500-1000
Q7LDG7,454,100-500
Q7LG56,4300,>1000
Q7LGA3,680,500-1000
Q7RTN6,645,500-1000
Q7RTP6,950,500-1000
Q7RTR2,544,500-1000
Q7RTW8,680,500-1000
Q7RTX1,544,500-1000
Q7RTY8,950,500-1000
Q7Z2D5,987,500-1000
Q7Z2E3,680,500-1000
Q7Z2G1,645,500-1000
Q7Z2H8,4300,>1000
Q7Z2W4,424,100-500
Q7Z2W7,424,100-500
Q7Z2X4,645,500-1000
Q7Z2Y5,132,100-500
Q7Z309,645,500-1000
Q7Z333,1488,>1000
Q7Z340,244,100-500
Q7Z392,1488,>1000
Q7Z3B3,987,500-1000
Q7Z3B4,645,500-1000
Q7Z3C6,1714,>1000
Q7Z3D4,680,500-1000
Q7Z3D6,987,500-1000
Q7Z3K3,424,100-500
Q7Z3K6,950,500-1000
Q7Z3Q1,645,500-1000
Q7Z3S7,987,500-1000
Q7Z3S9,25,<100
Q7Z3U7,645,500-1000
Q7Z3V4,1488,>1000
Q7Z3Z4,645,500-1000
Q7Z403,680,500-1000
Q7Z404,3,<100
Q7Z406,382,100-500
Q7Z407,645,500-1000
Q7Z408,544,500-1000
Q7Z422,680,500-1000
Q7Z434,544,500-1000
Q7Z442,1064,>1000
Q7Z460,810,500-1000
Q7Z465,454,100-500
Q7Z494,950,500-1000
Q7Z4G4,4300,>1000
Q7Z4H3,1488,>1000
Q7Z4H7,680,500-1000
Q7Z4H8,987,500-1000
Q7Z4I7,987,500-1000
Q7Z4K8,454,100-500
Q7Z4N2,950,500-1000
Q7Z4N8,1064,>1000
Q7Z4Q2,645,500-1000
Q7Z4S6,1714,>1000
Q7Z4T9,987,500-1000
Q7Z4V0,544,500-1000
Q7Z4V5,886,500-1000
Q7Z553,645,500-1000
Q7Z589,987,500-1000
Q7Z591,680,500-1000
Q7Z5A7,645,500-1000
Q7Z5B4,680,500-1000
Q7Z5H3,987,500-1000
Q7Z5J1,78,<100
Q7Z5J4,987,500-1000
Q7Z5J8,987,500-1000
Q7Z5K2,987,500-1000
Q7Z5L0,454,100-500
Q7Z5L2,810,500-1000
Q7Z5L7,544,500-1000
Q7Z5L9,886,500-1000
Q7Z5M8,4300,>1000
Q7Z5N4,645,500-1000
Q7Z5Q1,454,100-500
Q7Z5Y7,987,500-1000
Q7Z614,544,500-1000
Q7Z692,645,500-1000
Q7Z6B0,544,500-1000
Q7Z6E9,454,100-500
Q7Z6G8,645,500-1000
Q7Z6I6,454,100-500
Q7Z6J4,1488,>1000
Q7Z6L0,454,100-500
Q7Z6L1,645,500-1000
Q7Z6M3,544,500-1000
Q7Z6Z7,1714,>1000
Q7Z736,645,500-1000
Q7Z7A1,950,500-1000
Q7Z7A4,1064,>1000
Q7Z7B0,680,500-1000
Q7Z7C8,987,500-1000
Q7Z7D3,454,100-500
Q7Z7F0,1292,>1000
Q7Z7G0,645,500-1000
Q7Z7G1,168,100-500
Q7Z7G8,645,500-1000
Q7Z7H5,1292,>1000
Q7Z7K6,1064,>1000
Q7Z7L9,244,100-500
Q86SE5,645,500-1000
Q86SQ0,886,500-1000
Q86SQ4,645,500-1000
Q86SQ6,645,500-1000
Q86SQ7,132,100-500
Q86SQ9,645,500-1000
Q86SR1,987,500-1000
Q86SU0,645,500-1000
Q86SX3,454,100-500
Q86T03,454,100-500
Q86T90,424,100-500
Q86T96,680,500-1000
Q86TB9,1488,>1000
Q86TD4,680,500-1000
Q86TE4,544,500-1000
Q86TG7,101,100-500
Q86TI2,4300,>1000
Q86TI4,1488,>1000
Q86TJ2,4300,>1000
Q86TM6,645,500-1000
Q86TN4,1488,>1000
Q86TP1,950,500-1000
Q86TS9,454,100-500
Q86TU7,886,500-1000
Q86TW2,1488,>1000
Q86TY3,544,500-1000
Q86U06,382,100-500
Q86U70,950,500-1000
Q86U86,1292,>1000
Q86UA6,987,500-1000
Q86UD7,55,<100
Q86UE8,987,500-1000
Q86UG4,680,500-1000
Q86UK5,544,500-1000
Q86UN6,950,500-1000
Q86UP0,454,100-500
Q86UP2,544,500-1000
Q86UP3,680,500-1000
Q86UP6,244,100-500
Q86UP8,132,100-500
Q86UQ0,70,<100
Q86UQ4,1064,>1000
Q86UR1,680,500-1000
Q86UR5,950,500-1000
Q86US8,987,500-1000
Q86UT5,680,500-1000
Q86UU0,680,500-1000
Q86UU1,680,500-1000
Q86UU5,132,100-500
Q86UU9,132,100-500
Q86UV5,1714,>1000
Q86UW7,987,500-1000
Q86UY5,544,500-1000
Q86UY6,645,500-1000
Q86V21,1292,>1000
Q86V25,987,500-1000
Q86V42,950,500-1000
Q86V48,680,500-1000
Q86V88,244,100-500
Q86VB7,987,500-1000
Q86VE9,1714,>1000
Q86VF2,332,100-500
Q86VF5,382,100-500
Q86VF7,886,500-1000
Q86VH2,645,500-1000
Q86VK4,544,500-1000
Q86VL8,645,500-1000
Q86VP1,950,500-1000
Q86VP3,950,500-1000
Q86VP6,1488,>1000
Q86VQ3,132,100-500
Q86VS3,987,500-1000
Q86VV4,454,100-500
Q86VV8,645,500-1000
Q86VW1,1488,>1000
Q86VW2,454,100-500
Q86VX9,1714,>1000
Q86W33,987,500-1000
Q86W42,987,500-1000
Q86W56,1488,>1000
Q86W92,950,500-1000
Q86WB0,680,500-1000
Q86WD7,101,100-500
Q86WI0,544,500-1000
Q86WI3,544,500-1000
Q86WJ1,645,500-1000
Q86WN1,987,500-1000
Q86WP2,645,500-1000
Q86WS4,132,100-500
Q86WT6,382,100-500
Q86X10,987,500-1000
Q86X24,987,500-1000
Q86X27,1488,>1000
Q86X29,454,100-500
Q86X40,544,500-1000
Q86X55,1714,>1000
Q86X67,645,500-1000
Q86X76,886,500-1000
Q86XA9,1488,>1000
Q86XD5,454,100-500
Q86XH1,987,500-1000
Q86XK2,886,500-1000
Q86XK3,680,500-1000
Q86XL3,987,500-1000
Q86XN8,987,500-1000
Q86XP1,680,500-1000
Q86XR2,680,500-1000
Q86XR8,987,500-1000
Q86XW9,244,100-500
Q86XX4,382,100-500
Q86Y07,4300,>1000
Q86Y26,244,100-500
Q86Y33,1064,>1000
Q86Y37,1714,>1000
Q86Y56,987,500-1000
Q86YA3,168,100-500
Q86YD1,132,100-500
Q86YD3,454,100-500
Q86YE8,93,<100
Q86YF9,680,500-1000
Q86YJ6,1292,>1000
Q86YL7,132,100-500
Q86YM7,544,500-1000
Q86YN6,645,500-1000
Q86YP4,950,500-1000
Q86YR5,950,500-1000
Q86YR7,645,500-1000
Q86YS7,645,500-1000
Q86YT5,454,100-500
Q86YT9,36,<100
Q86YW0,1714,>1000
Q86YW5,244,100-500
Q86YW9,680,500-1000
Q86Z02,680,500-1000
Q8IU57,382,100-500
Q8IU80,950,500-1000
Q8IUA7,244,100-500
Q8IUC8,950,500-1000
Q8IUD2,810,500-1000
Q8IUD6,132,100-500
Q8IUF8,680,500-1000
Q8IUG5,645,500-1000
Q8IUH3,645,500-1000
Q8IUH4,1292,>1000
Q8IUH5,1292,>1000
Q8IUK5,645,500-1000
Q8IUN9,132,100-500
Q8IUQ4,645,500-1000
Q8IUR5,886,500-1000
Q8IUR6,645,500-1000
Q8IUR7,1488,>1000
Q8IUX1,680,500-1000
Q8IUX4,78,<100
Q8IUZ0,987,500-1000
Q8IUZ5,544,500-1000
Q8IV33,3,<100
Q8IV35,1714,>1000
Q8IV36,1488,>1000
Q8IV63,4300,>1000
Q8IVE3,645,500-1000
Q8IVF2,18,<100
Q8IVF5,645,500-1000
Q8IVF7,1064,>1000
Q8IVH2,544,500-1000
Q8IVH8,4300,>1000
Q8IVI9,886,500-1000
Q8IVL0,680,500-1000
Q8IVL1,810,500-1000
Q8IVS8,987,500-1000
Q8IVT5,645,500-1000
Q8IVU3,424,100-500
Q8IVV2,950,500-1000
Q8IVW1,244,100-500
Q8IVW6,680,500-1000
Q8IW36,78,<100
Q8IW45,4300,>1000
Q8IW50,680,500-1000
Q8IWA4,1292,>1000
Q8IWA5,680,500-1000
Q8IWB6,645,500-1000
Q8IWC1,454,100-500
Q8IWD4,544,500-1000
Q8IWF9,987,500-1000
Q8IWK6,1064,>1000
Q8IWQ3,1292,>1000
Q8IWS0,680,500-1000
Q8IWT0,1488,>1000
Q8IWT1,680,500-1000
Q8IWV1,244,100-500
Q8IWV2,645,500-1000
Q8IWV8,1714,>1000
Q8IWW6,645,500-1000
Q8IWW8,1488,>1000
Q8IWX7,1488,>1000
Q8IWY8,244,100-500
Q8IWZ3,886,500-1000
Q8IX01,544,500-1000
Q8IX04,1488,>1000
Q8IX18,544,500-1000
Q8IX21,645,500-1000
Q8IX90,544,500-1000
Q8IXB1,4300,>1000
Q8IXF0,950,500-1000
Q8IXH7,1064,>1000
Q8IXH8,544,500-1000
Q8IXI2,645,500-1000
Q8IXJ6,4300,>1000
Q8IXK0,987,500-1000
Q8IXM2,950,500-1000
Q8IXM6,680,500-1000
Q8IXQ4,680,500-1000
Q8IXQ5,544,500-1000
Q8IXQ6,544,500-1000
Q8IXQ8,544,500-1000
Q8IXR5,244,100-500
Q8IXU6,4300,>1000
Q8IXY8,1064,>1000
Q8IXZ3,950,500-1000
Q8IY17,1292,>1000
Q8IY22,680,500-1000
Q8IY31,987,500-1000
Q8IY33,886,500-1000
Q8IY49,1714,>1000
Q8IY57,950,500-1000
Q8IYA6,680,500-1000
Q8IYA8,332,100-500
Q8IYB4,1488,>1000
Q8IYB5,645,500-1000
Q8IYB7,4300,>1000
Q8IYD8,1488,>1000
Q8IYF3,645,500-1000
Q8IYH5,1064,>1000
Q8IYL2,1488,>1000
Q8IYS5,382,100-500
Q8IYU2,1488,>1000
Q8IYV9,244,100-500
Q8IYW2,987,500-1000
Q8IYX3,168,100-500
Q8IZ21,987,500-1000
Q8IZ52,886,500-1000
Q8IZ83,4300,>1000
Q8IZ96,132,100-500
Q8IZA0,987,500-1000
Q8IZC4,645,500-1000
Q8IZC6,36,<100
Q8IZD2,680,500-1000
Q8IZF0,987,500-1000
Q8IZF2,645,500-1000
Q8IZF5,382,100-500
Q8IZF6,382,100-500
Q8IZH2,4300,>1000
Q8IZL9,987,500-1000
Q8IZP0,645,500-1000
Q8IZP9,645,500-1000
Q8IZQ8,645,500-1000
Q8IZR5,950,500-1000
Q8IZS8,987,500-1000
Q8N0S2,244,100-500
Q8N0S6,680,500-1000
Q8N0U4,645,500-1000
Q8N0U7,168,100-500
Q8N0V5,680,500-1000
Q8N0W5,950,500-1000
Q8N0X2,987,500-1000
Q8N103,544,500-1000
Q8N108,645,500-1000
Q8N114,680,500-1000
Q8N118,680,500-1000
Q8N122,4300,>1000
Q8N126,680,500-1000
Q8N137,332,100-500
Q8N139,244,100-500
Q8N149,168,100-500
Q8N157,1488,>1000
Q8N184,132,100-500
Q8N187,950,500-1000
Q8N1I0,1488,>1000
Q8N1K5,645,500-1000
Q8N1M1,544,500-1000
Q8N1V2,987,500-1000
Q8N1W1,987,500-1000
Q8N228,454,100-500
Q8N264,987,500-1000
Q8N271,987,500-1000
Q8N2C7,987,500-1000
Q8N2F6,544,500-1000
Q8N2G4,645,500-1000
Q8N2G8,645,500-1000
Q8N2H9,454,100-500
Q8N2I2,70,<100
Q8N2I9,987,500-1000
Q8N2K0,645,500-1000
Q8N2K1,1714,>1000
Q8N2M8,987,500-1000
Q8N2N9,55,<100
Q8N2R0,645,500-1000
Q8N2S1,454,100-500
Q8N2U9,1488,>1000
Q8N2Z9,1488,>1000
Q8N302,645,500-1000
Q8N309,950,500-1000
Q8N336,544,500-1000
Q8N370,680,500-1000
Q8N371,1488,>1000
Q8N3C0,1714,>1000
Q8N3C7,645,500-1000
Q8N3F0,645,500-1000
Q8N3G9,645,500-1000
Q8N3J3,645,500-1000
Q8N3J5,886,500-1000
Q8N3J6,680,500-1000
Q8N3P4,1488,>1000
Q8N3R3,645,500-1000
Q8N3S3,886,500-1000
Q8N3V7,645,500-1000
Q8N3X6,3,<100
Q8N3Z3,645,500-1000
Q8N413,454,100-500
Q8N423,168,100-500
Q8N443,987,500-1000
Q8N465,1714,>1000
Q8N475,950,500-1000
Q8N490,645,500-1000
Q8N4B1,645,500-1000
Q8N4C6,645,500-1000
Q8N4C8,1714,>1000
Q8N4F4,25,<100
Q8N4H0,544,500-1000
Q8N4H5,132,100-500
Q8N4M1,1488,>1000
Q8N4S7,886,500-1000
Q8N4S9,987,500-1000
Q8N4T0,1292,>1000
Q8N4T4,1488,>1000
Q8N4X5,680,500-1000
Q8N4Y2,950,500-1000
Q8N568,645,500-1000
Q8N573,645,500-1000
Q8N584,987,500-1000
Q8N5A5,987,500-1000
Q8N5C7,4300,>1000
Q8N5D0,1292,>1000
Q8N5D6,544,500-1000
Q8N5G2,987,500-1000
Q8N5H3,454,100-500
Q8N5H7,886,500-1000
Q8N5J2,645,500-1000
Q8N5R6,680,500-1000
Q8N5U1,950,500-1000
Q8N5V2,886,500-1000
Q8N5Y2,1488,>1000
Q8N5Y8,987,500-1000
Q8N608,4300,>1000
Q8N612,987,500-1000
Q8N684,645,500-1000
Q8N690,132,100-500
Q8N6C5,382,100-500
Q8N6C8,3,<100
Q8N6F1,680,500-1000
Q8N6F7,132,100-500
Q8N6G6,645,500-1000
Q8N6H7,454,100-500
Q8N6I4,645,500-1000
Q8N6K7,424,100-500
Q8N6M6,950,500-1000
Q8N6N3,544,500-1000
Q8N6Q3,101,100-500
Q8N6R0,987,500-1000
Q8N6S4,1488,>1000
Q8N6T0,244,100-500
Q8N6T3,1714,>1000
Q8N6U8,987,500-1000
Q8N6V4,544,500-1000
Q8N720,168,100-500
Q8N766,1714,>1000
Q8N7B6,645,500-1000
Q8N7H5,1488,>1000
Q8N7N1,4300,>1000
Q8N7P1,544,500-1000
Q8N7R7,1064,>1000
Q8N7U6,987,500-1000
Q8N7W2,244,100-500
Q8N7X2,168,100-500
Q8N819,101,100-500
Q8N841,424,100-500
Q8N8A2,987,500-1000
Q8N8E2,454,100-500
Q8N8F6,4300,>1000
Q8N8J6,78,<100
Q8N8K9,544,500-1000
Q8N8Q1,987,500-1000
Q8N8Q3,645,500-1000
Q8N8Q8,645,500-1000
Q8N8R3,1292,>1000
Q8N8S7,950,500-1000
Q8N8W4,382,100-500
Q8N945,544,500-1000
Q8N960,987,500-1000
Q8N983,1714,>1000
Q8N999,680,500-1000
Q8N9A8,987,500-1000
Q8N9F7,950,500-1000
Q8N9H8,55,<100
Q8N9I9,454,100-500
Q8N9L1,454,100-500
Q8N9M1,987,500-1000
Q8N9N5,645,500-1000
Q8N9W4,12,<100
Q8N9W5,987,500-1000
Q8N9W6,886,500-1000
Q8N9Z9,382,100-500
Q8NA29,680,500-1000
Q8NA31,680,500-1000
Q8NA72,244,100-500
Q8NAA4,454,100-500
Q8NAC3,680,500-1000
Q8NAU1,645,500-1000
Q8NB25,950,500-1000
Q8NB37,244,100-500
Q8NB49,4300,>1000
Q8NB50,132,100-500
Q8NB59,544,500-1000
Q8NB78,645,500-1000
Q8NB90,4300,>1000
Q8NBI6,950,500-1000
Q8NBJ7,12,<100
Q8NBK3,987,500-1000
Q8NBM4,1714,>1000
Q8NBN3,454,100-500
Q8NBS3,950,500-1000
Q8NBT0,1292,>1000
Q8NBW4,950,500-1000
Q8NBZ7,1488,>1000
Q8NC06,454,100-500
Q8NC51,950,500-1000
Q8NC67,645,500-1000
Q8NCB2,645,500-1000
Q8NCC5,78,<100
Q8NCD3,332,100-500
Q8NCE0,1488,>1000
Q8NCE2,950,500-1000
Q8NCF5,454,100-500
Q8NCG7,1488,>1000
Q8NCI6,987,500-1000
Q8NCL8,454,100-500
Q8NCM2,886,500-1000
Q8NCM8,987,500-1000
Q8NCP5,544,500-1000
Q8NCQ7,645,500-1000
Q8NCR6,332,100-500
Q8NCS7,1488,>1000
Q8NCT3,680,500-1000
Q8NCW0,382,100-500
Q8NCX0,645,500-1000
Q8ND04,950,500-1000
Q8ND23,454,100-500
Q8ND30,544,500-1000
Q8ND56,680,500-1000
Q8ND76,544,500-1000
Q8ND83,680,500-1000
Q8NDA2,382,100-500
Q8NDA8,645,500-1000
Q8NDB2,680,500-1000
Q8NDD1,680,500-1000
Q8NDF8,645,500-1000
Q8NDH3,987,500-1000
Q8NDI1,680,500-1000
Q8NDL9,987,500-1000
Q8NDM7,987,500-1000
Q8NDQ6,55,<100
Q8NDV7,645,500-1000
Q8NDW8,987,500-1000
Q8NDX5,886,500-1000
Q8NDZ2,645,500-1000
Q8NDZ6,987,500-1000
Q8NE01,4300,>1000
Q8NE09,1064,>1000
Q8NE18,987,500-1000
Q8NE28,544,500-1000
Q8NE31,987,500-1000
Q8NE86,1488,>1000
Q8NEB5,645,500-1000
Q8NEE6,1488,>1000
Q8NEL9,886,500-1000
Q8NEM0,987,500-1000
Q8NEM7,987,500-1000
Q8NEM8,645,500-1000
Q8NEP3,987,500-1000
Q8NEP7,4300,>1000
Q8NEP9,132,100-500
Q8NER5,987,500-1000
Q8NES3,810,500-1000
Q8NET8,680,500-1000
Q8NEU8,544,500-1000
Q8NEY1,950,500-1000
Q8NEY8,544,500-1000
Q8NEZ2,544,500-1000
Q8NEZ4,4300,>1000
Q8NEZ5,645,500-1000
Q8NF50,680,500-1000
Q8NF64,454,100-500
Q8NF91,645,500-1000
Q8NF99,132,100-500
Q8NFA2,987,500-1000
Q8NFD5,950,500-1000
Q8NFF2,680,500-1000
Q8NFF5,4300,>1000
Q8NFG4,1488,>1000
Q8NFH5,987,500-1000
Q8NFI3,454,100-500
Q8NFJ9,987,500-1000
Q8NFM7,645,500-1000
Q8NFP9,680,500-1000
Q8NFR7,544,500-1000
Q8NFR9,544,500-1000
Q8NFT2,544,500-1000
Q8NFT6,645,500-1000
Q8NFU3,544,500-1000
Q8NFU7,950,500-1000
Q8NFV4,1714,>1000
Q8NFW1,680,500-1000
Q8NFW9,645,500-1000
Q8NFX7,645,500-1000
Q8NFY4,987,500-1000
Q8NFZ3,8,<100
Q8NG11,454,100-500
Q8NG27,3,<100
Q8NG31,645,500-1000
Q8NG48,950,500-1000
Q8NG50,3,<100
Q8NG66,987,500-1000
Q8NHE4,950,500-1000
Q8NHH9,886,500-1000
Q8NHJ6,168,100-500
Q8NHL6,3,<100
Q8NHM5,645,500-1000
Q8NHP7,645,500-1000
Q8NHQ1,544,500-1000
Q8NHS9,544,500-1000
Q8NHU2,987,500-1000
Q8NHU6,645,500-1000
Q8NHV4,4300,>1000
Q8NHW4,18,<100
Q8NHY0,645,500-1000
Q8NHY2,1714,>1000
Q8NI08,645,500-1000
Q8NI17,645,500-1000
Q8NI22,810,500-1000
Q8NI35,645,500-1000
Q8NI38,645,500-1000
Q8NI51,332,100-500
Q8NI60,544,500-1000
Q8TAA3,645,500-1000
Q8TAB3,544,500-1000
Q8TAC9,1488,>1000
Q8TAD4,987,500-1000
Q8TAF3,1488,>1000
Q8TAM2,987,500-1000
Q8TAP4,680,500-1000
Q8TAP6,987,500-1000
Q8TAQ2,810,500-1000
Q8TAQ9,332,100-500
Q8TAS1,645,500-1000
Q8TAV0,886,500-1000
Q8TAX9,645,500-1000
Q8TB03,454,100-500
Q8TB22,645,500-1000
Q8TB61,987,500-1000
Q8TB72,4300,>1000
Q8TB92,1488,>1000
Q8TBB0,680,500-1000
Q8TBB5,886,500-1000
Q8TBC5,93,<100
Q8TBE0,987,500-1000
Q8TBF2,168,100-500
Q8TBG4,645,500-1000
Q8TBM7,544,500-1000
Q8TBP0,645,500-1000
Q8TBX8,680,500-1000
Q8TBY0,544,500-1000
Q8TBY8,680,500-1000
Q8TBY9,987,500-1000
Q8TBZ3,1488,>1000
Q8TC05,544,500-1000
Q8TC07,645,500-1000
Q8TC12,544,500-1000
Q8TC20,244,100-500
Q8TC21,132,100-500
Q8TC26,680,500-1000
Q8TC57,680,500-1000
Q8TC84,454,100-500
Q8TCA0,645,500-1000
Q8TCC3,132,100-500
Q8TCC7,1488,>1000
Q8TCF1,645,500-1000
Q8TCG5,987,500-1000
Q8TCI5,950,500-1000
Q8TCJ0,810,500-1000
Q8TCT1,1292,>1000
Q8TCT7,645,500-1000
Q8TCT9,4300,>1000
Q8TCU4,987,500-1000
Q8TCU6,680,500-1000
Q8TCX1,987,500-1000
Q8TCY5,168,100-500
Q8TCY9,645,500-1000
Q8TCZ2,544,500-1000
Q8TD07,544,500-1000
Q8TD08,4300,>1000
Q8TD10,544,500-1000
Q8TD26,454,100-500
Q8TD31,454,100-500
Q8TD43,680,500-1000
Q8TD46,544,500-1000
Q8TD57,987,500-1000
Q8TDB8,55,<100
Q8TDC0,645,500-1000
Q8TDC3,424,100-500
Q8TDF5,645,500-1000
Q8TDF6,544,500-1000
Q8TDG4,987,500-1000
Q8TDH9,680,500-1000
Q8TDI7,645,500-1000
Q8TDJ6,1714,>1000
Q8TDM0,950,500-1000
Q8TDM6,987,500-1000
Q8TDN4,1064,>1000
Q8TDQ1,544,500-1000
Q8TDQ7,4300,>1000
Q8TDW4,987,500-1000
Q8TDW7,987,500-1000
Q8TDX6,886,500-1000
Q8TDY4,382,100-500
Q8TDZ2,332,100-500
Q8TE02,1064,>1000
Q8TE04,987,500-1000
Q8TE67,987,500-1000
Q8TE68,987,500-1000
Q8TE76,544,500-1000
Q8TE77,454,100-500
Q8TE85,987,500-1000
Q8TE96,645,500-1000
Q8TEA7,1488,>1000
Q8TEB1,645,500-1000
Q8TEC5,1292,>1000
Q8TED0,4300,>1000
Q8TED4,987,500-1000
Q8TED9,680,500-1000
Q8TEH3,544,500-1000
Q8TEL6,680,500-1000
Q8TEP8,987,500-1000
Q8TER0,544,500-1000
Q8TER5,382,100-500
Q8TES7,645,500-1000
Q8TEU7,645,500-1000
Q8TEW0,987,500-1000
Q8TEW8,987,500-1000
Q8TEY7,544,500-1000
Q8TF17,645,500-1000
Q8TF40,1064,>1000
Q8TF46,645,500-1000
Q8TF68,454,100-500
Q8WTR4,950,500-1000
Q8WTV0,886,500-1000
Q8WTV1,987,500-1000
Q8WU08,950,500-1000
Q8WU39,950,500-1000
Q8WU68,168,100-500
Q8WU79,645,500-1000
Q8WUA7,544,500-1000
Q8WUB8,1292,>1000
Q8WUF8,645,500-1000
Q8WUG5,454,100-500
Q8WUH1,544,500-1000
Q8WUI4,454,100-500
Q8WUK0,950,500-1000
Q8WUM4,78,<100
Q8WUP2,544,500-1000
Q8WUR7,168,100-500
Q8WUY3,886,500-1000
Q8WV16,4300,>1000
Q8WV28,645,500-1000
Q8WV37,55,<100
Q8WV44,645,500-1000
Q8WV48,132,100-500
Q8WV60,645,500-1000
Q8WVB6,1488,>1000
Q8WVF1,987,500-1000
Q8WVM8,4300,>1000
Q8WVN8,454,100-500
Q8WVP7,680,500-1000
Q8WVQ1,987,500-1000
Q8WVR3,645,500-1000
Q8WVV4,544,500-1000
Q8WVV5,168,100-500
Q8WVV9,1714,>1000
Q8WVZ1,382,100-500
Q8WW12,645,500-1000
Q8WW14,332,100-500
Q8WW22,645,500-1000
Q8WWA1,382,100-500
Q8WWB5,987,500-1000
Q8WWI1,680,500-1000
Q8WWI5,1488,>1000
Q8WWK9,680,500-1000
Q8WWL2,680,500-1000
Q8WWL7,987,500-1000
Q8WWM7,454,100-500
Q8WWQ2,680,500-1000
Q8WWR8,645,500-1000
Q8WWR9,544,500-1000
Q8WWT9,680,500-1000
Q8WWU5,132,100-500
Q8WWV3,1488,>1000
Q8WWV6,544,500-1000
Q8WWW0,987,500-1000
Q8WWW8,886,500-1000
Q8WWX8,886,500-1000
Q8WWY3,1714,>1000
Q8WWZ4,382,100-500
Q8WWZ7,1064,>1000
Q8WX93,886,500-1000
Q8WX94,55,<100
Q8WXA3,680,500-1000
Q8WXE1,454,100-500
Q8WXG6,987,500-1000
Q8WXG9,680,500-1000
Q8WXH0,544,500-1000
Q8WXH4,544,500-1000
Q8WXI2,987,500-1000
Q8WXI3,645,500-1000
Q8WXQ8,332,100-500
Q8WXR4,544,500-1000
Q8WXS3,454,100-500
Q8WXS8,645,500-1000
Q8WXU2,4300,>1000
Q8WXW3,987,500-1000
Q8WXX0,987,500-1000
Q8WXX7,645,500-1000
Q8WY21,544,500-1000
Q8WY36,544,500-1000
Q8WY98,244,100-500
Q8WYA0,987,500-1000
Q8WYA1,987,500-1000
Q8WYA6,645,500-1000
Q8WYB5,680,500-1000
Q8WYL5,645,500-1000
Q8WYN0,1714,>1000
Q8WYP5,645,500-1000
Q8WYQ5,886,500-1000
Q8WZ42,680,500-1000
Q8WZ73,645,500-1000
Q8WZ75,382,100-500
Q8WZA2,645,500-1000
Q92466,454,100-500
Q92496,36,<100
Q92499,4300,>1000
Q92503,645,500-1000
Q92523,454,100-500
Q92526,4300,>1000
Q92538,4300,>1000
Q92540,886,500-1000
Q92556,645,500-1000
Q92564,1488,>1000
Q92567,645,500-1000
Q92569,987,500-1000
Q92570,810,500-1000
Q92581,987,500-1000
Q92597,886,500-1000
Q92598,4300,>1000
Q92599,1292,>1000
Q92600,1714,>1000
Q92614,987,500-1000
Q92617,25,<100
Q92622,987,500-1000
Q92629,544,500-1000
Q92729,544,500-1000
Q92731,950,500-1000
Q92734,987,500-1000
Q92766,645,500-1000
Q92782,680,500-1000
Q92784,454,100-500
Q92796,987,500-1000
Q92800,454,100-500
Q92802,544,500-1000
Q92813,680,500-1000
Q92823,645,500-1000
Q92833,645,500-1000
Q92834,1064,>1000
Q92835,680,500-1000
Q92838,544,500-1000
Q92841,168,100-500
Q92844,544,500-1000
Q92845,987,500-1000
Q92851,454,100-500
Q92859,645,500-1000
Q92870,544,500-1000
Q92876,544,500-1000
Q92878,4300,>1000
Q92879,987,500-1000
Q92888,987,500-1000
Q92890,4300,>1000
Q92896,680,500-1000
Q92902,1064,>1000
Q92913,680,500-1000
Q92925,544,500-1000
Q92932,886,500-1000
Q92954,680,500-1000
Q92963,454,100-500
Q92973,987,500-1000
Q92974,987,500-1000
Q92985,454,100-500
Q92988,987,500-1000
Q92993,886,500-1000
Q92994,4300,>1000
Q93038,987,500-1000
Q93050,4300,>1000
Q93062,382,100-500
Q93063,987,500-1000
Q93074,680,500-1000
Q93084,4300,>1000
Q93086,454,100-500
Q93100,987,500-1000
Q95460,544,500-1000
Q969E2,1488,>1000
Q969G3,1488,>1000
Q969H0,1488,>1000
Q969J5,544,500-1000
Q969K4,950,500-1000
Q969K7,645,500-1000
Q969M3,4300,>1000
Q969M7,4300,>1000
Q969N2,1488,>1000
Q969P0,454,100-500
Q969R2,680,500-1000
Q969R5,680,500-1000
Q969S0,1488,>1000
Q969S2,382,100-500
Q969S8,645,500-1000
Q969S9,4300,>1000
Q969T3,645,500-1000
Q969W1,987,500-1000
Q969W9,645,500-1000
Q969X2,645,500-1000
Q969X5,950,500-1000
Q969X6,1488,>1000
Q969Y2,645,500-1000
Q96A37,680,500-1000
Q96A46,645,500-1000
Q96A59,544,500-1000
Q96A70,382,100-500
Q96A73,544,500-1000
Q96A84,382,100-500
Q96AA8,645,500-1000
Q96AB3,645,500-1000
Q96AC1,987,500-1000
Q96AG3,950,500-1000
Q96AH0,1064,>1000
Q96AN5,987,500-1000
Q96AQ6,168,100-500
Q96AQ7,454,100-500
Q96AT9,4300,>1000
Q96AV8,886,500-1000
Q96AW1,544,500-1000
Q96AX2,544,500-1000
Q96AX9,987,500-1000
Q96AZ1,680,500-1000
Q96B01,544,500-1000
Q96B02,1488,>1000
Q96B36,950,500-1000
Q96B86,950,500-1000
Q96B97,1488,>1000
Q96BD0,680,500-1000
Q96BD5,645,500-1000
Q96BI3,1064,>1000
Q96BJ3,680,500-1000
Q96BJ8,680,500-1000
Q96BS2,1292,>1000
Q96BT3,680,500-1000
Q96BT7,4300,>1000
Q96BW1,950,500-1000
Q96BW9,1488,>1000
Q96BY6,1488,>1000
Q96BZ9,1488,>1000
Q96C03,645,500-1000
Q96C11,1292,>1000
Q96C12,645,500-1000
Q96C92,544,500-1000
Q96CB9,886,500-1000
Q96CG8,680,500-1000
Q96CM8,886,500-1000
Q96CP6,454,100-500
Q96CQ1,645,500-1000
Q96CS7,950,500-1000
Q96CU9,810,500-1000
Q96CV9,645,500-1000
Q96CW5,4300,>1000
Q96D71,1488,>1000
Q96D96,950,500-1000
Q96DB5,1064,>1000
Q96DE0,886,500-1000
Q96DH6,4300,>1000
Q96DN5,4300,>1000
Q96DR7,886,500-1000
Q96DT0,810,500-1000
Q96DT7,544,500-1000
Q96DU3,544,500-1000
Q96DX5,544,500-1000
Q96DY2,987,500-1000
Q96DZ1,1064,>1000
Q96DZ9,168,100-500
Q96E11,1488,>1000
Q96E29,810,500-1000
Q96E66,680,500-1000
Q96EA4,680,500-1000
Q96EB1,1488,>1000
Q96EK2,544,500-1000
Q96EK7,680,500-1000
Q96EN9,132,100-500
Q96EP0,987,500-1000
Q96EP1,544,500-1000
Q96ET8,1714,>1000
Q96EV8,645,500-1000
Q96EW2,1064,>1000
Q96EX2,544,500-1000
Q96EY1,1488,>1000
Q96EY5,544,500-1000
Q96EZ8,1064,>1000
Q96F24,680,500-1000
Q96F44,382,100-500
Q96F45,886,500-1000
Q96FC7,544,500-1000
Q96FC9,4300,>1000
Q96FE7,544,500-1000
Q96FG2,987,500-1000
Q96FL8,382,100-500
Q96FL9,987,500-1000
Q96FM1,950,500-1000
Q96FT7,544,500-1000
Q96FT9,332,100-500
Q96FV3,645,500-1000
Q96G01,886,500-1000
Q96G25,987,500-1000
Q96G46,1488,>1000
Q96G74,950,500-1000
Q96G97,1488,>1000
Q96GC6,132,100-500
Q96GD3,987,500-1000
Q96GD4,544,500-1000
Q96GE6,810,500-1000
Q96GJ1,454,100-500
Q96GN5,544,500-1000
Q96GR4,1488,>1000
Q96GS6,544,500-1000
Q96GX5,1488,>1000
Q96GZ6,987,500-1000
Q96H22,680,500-1000
Q96H55,680,500-1000
Q96H96,1714,>1000
Q96HA1,680,500-1000
Q96HA4,544,500-1000
Q96HB5,645,500-1000
Q96HC4,886,500-1000
Q96HH9,645,500-1000
Q96HJ5,950,500-1000
Q96HL8,645,500-1000
Q96HN2,987,500-1000
Q96HQ0,8,<100
Q96HW7,1064,>1000
Q96HZ4,454,100-500
Q96I51,1714,>1000
Q96II8,645,500-1000
Q96IV0,1488,>1000
Q96IZ2,645,500-1000
Q96IZ5,544,500-1000
Q96J02,544,500-1000
Q96J65,810,500-1000
Q96J77,132,100-500
Q96J84,680,500-1000
Q96J86,424,100-500
Q96J87,987,500-1000
Q96J88,544,500-1000
Q96J92,987,500-1000
Q96J94,645,500-1000
Q96JA3,1292,>1000
Q96JA4,950,500-1000
Q96JB5,1064,>1000
Q96JB8,987,500-1000
Q96JD6,4300,>1000
Q96JE7,544,500-1000
Q96JE9,544,500-1000
Q96JG6,1064,>1000
Q96JG8,1488,>1000
Q96JH8,680,500-1000
Q96JI7,645,500-1000
Q96JK2,1064,>1000
Q96JL9,168,100-500
Q96JM2,645,500-1000
Q96JN0,544,500-1000
Q96JN2,950,500-1000
Q96JX3,886,500-1000
Q96JY0,987,500-1000
Q96JY6,886,500-1000
Q96K17,680,500-1000
Q96K19,987,500-1000
Q96K21,680,500-1000
Q96K30,645,500-1000
Q96K37,1292,>1000
Q96K76,987,500-1000
Q96KD3,244,100-500
Q96KE9,680,500-1000
Q96KG9,1714,>1000
Q96KN7,424,100-500
Q96KN8,382,100-500
Q96KP6,680,500-1000
Q96KQ7,454,100-500
Q96KR4,645,500-1000
Q96KR7,987,500-1000
Q96KV7,987,500-1000
Q96L08,424,100-500
Q96L11,101,100-500
Q96L73,1488,>1000
Q96L91,645,500-1000
Q96L92,987,500-1000
Q96L93,382,100-500
Q96LA5,244,100-500
Q96LA6,244,100-500
Q96LB4,645,500-1000
Q96LC7,544,500-1000
Q96LC9,544,500-1000
Q96LI6,3,<100
Q96LP6,132,100-500
Q96LW2,544,500-1000
Q96LX7,244,100-500
Q96LZ7,55,<100
Q96M20,987,500-1000
Q96M27,645,500-1000
Q96M63,987,500-1000
Q96M83,55,<100
Q96M86,454,100-500
Q96M93,987,500-1000
Q96M96,1488,>1000
Q96MD7,544,500-1000
Q96ME1,1488,>1000
Q96ME7,680,500-1000
Q96MF2,645,500-1000
Q96MF6,645,500-1000
Q96MH6,950,500-1000
Q96MI6,4300,>1000
Q96MM7,544,500-1000
Q96MN2,132,100-500
Q96MS3,645,500-1000
Q96MT1,645,500-1000
Q96MT8,645,500-1000
Q96MU8,544,500-1000
Q96MV8,1488,>1000
Q96MZ0,4300,>1000
Q96N03,950,500-1000
Q96N16,645,500-1000
Q96N19,987,500-1000
Q96N46,645,500-1000
Q96N64,645,500-1000
Q96N66,1488,>1000
Q96N67,1488,>1000
Q96N77,244,100-500
Q96N95,168,100-500
Q96N96,987,500-1000
Q96NE9,987,500-1000
Q96NH3,680,500-1000
Q96NJ5,645,500-1000
Q96NL0,680,500-1000
Q96NL6,680,500-1000
Q96NM4,1488,>1000
Q96NN9,4300,>1000
Q96NR3,1488,>1000
Q96NT3,950,500-1000
Q96NU1,680,500-1000
Q96NX9,886,500-1000
Q96NZ1,544,500-1000
Q96NZ9,93,<100
Q96P11,4300,>1000
Q96P15,382,100-500
Q96P26,680,500-1000
Q96P31,168,100-500
Q96P44,382,100-500
Q96P47,645,500-1000
Q96P48,680,500-1000
Q96P50,645,500-1000
Q96P56,1292,>1000
Q96P71,645,500-1000
Q96PB7,645,500-1000
Q96PC3,454,100-500
Q96PC5,680,500-1000
Q96PE1,645,500-1000
Q96PE3,645,500-1000
Q96PE5,168,100-500
Q96PG1,168,100-500
Q96PH1,645,500-1000
Q96PK6,454,100-500
Q96PM5,886,500-1000
Q96PM9,454,100-500
Q96PN6,987,500-1000
Q96PN7,987,500-1000
Q96PQ6,168,100-500
Q96PQ7,886,500-1000
Q96PR1,544,500-1000
Q96PU5,645,500-1000
Q96PU8,645,500-1000
Q96PU9,544,500-1000
Q96PV0,1064,>1000
Q96PV6,1488,>1000
Q96PV7,645,500-1000
Q96PY6,4300,>1000
Q96PZ7,645,500-1000
Q96Q05,1488,>1000
Q96Q07,810,500-1000
Q96Q11,4300,>1000
Q96Q15,1064,>1000
Q96Q40,544,500-1000
Q96Q42,1714,>1000
Q96Q45,544,500-1000
Q96Q80,1488,>1000
Q96Q89,544,500-1000
Q96Q91,382,100-500
Q96QB1,987,500-1000
Q96QD9,544,500-1000
Q96QF0,645,500-1000
Q96QS1,382,100-500
Q96QT6,987,500-1000
Q96QU1,645,500-1000
Q96QZ7,645,500-1000
Q96RD6,544,500-1000
Q96RD9,168,100-500
Q96RE9,168,100-500
Q96RF0,645,500-1000
Q96RG2,987,500-1000
Q96RI1,810,500-1000
Q96RK4,950,500-1000
Q96RL1,645,500-1000
Q96RL7,544,500-1000
Q96RN1,332,100-500
Q96RN5,950,500-1000
Q96RR1,645,500-1000
Q96RR4,332,100-500
Q96RS6,987,500-1000
Q96RT1,645,500-1000
Q96RT7,987,500-1000
Q96RU2,645,500-1000
Q96RU3,1488,>1000
Q96RV3,680,500-1000
Q96RW7,987,500-1000
Q96S19,645,500-1000
Q96S37,244,100-500
Q96S53,544,500-1000
Q96S55,645,500-1000
Q96S59,645,500-1000
Q96S66,382,100-500
Q96S94,680,500-1000
Q96SA4,1714,>1000
Q96SB4,1488,>1000
Q96SD1,987,500-1000
Q96SK2,886,500-1000
Q96SK3,78,<100
Q96SN8,886,500-1000
Q96SR6,132,100-500
Q96ST2,987,500-1000
Q96ST8,645,500-1000
Q96SU4,1488,>1000
Q96SY0,987,500-1000
Q96SZ4,382,100-500
Q96SZ6,544,500-1000
Q96T17,544,500-1000
Q96T21,1064,>1000
Q96T23,987,500-1000
Q96T37,1292,>1000
Q96T51,1292,>1000
Q96T55,950,500-1000
Q96T66,645,500-1000
Q96T68,1488,>1000
Q96T76,1714,>1000
Q96TA2,1714,>1000
Q99062,454,100-500
Q99081,987,500-1000
Q99102,680,500-1000
Q99217,244,100-500
Q99259,1064,>1000
Q99435,645,500-1000
Q99447,1714,>1000
Q99466,950,500-1000
Q99471,4300,>1000
Q99489,1488,>1000
Q99501,645,500-1000
Q99502,950,500-1000
Q99504,950,500-1000
Q99536,4300,>1000
Q99538,950,500-1000
Q99542,680,500-1000
Q99571,645,500-1000
Q99572,454,100-500
Q99576,454,100-500
Q99593,987,500-1000
Q99612,950,500-1000
Q99640,645,500-1000
Q99643,645,500-1000
Q99665,645,500-1000
Q99674,168,100-500
Q99687,950,500-1000
Q99697,132,100-500
Q99698,1488,>1000
Q99700,645,500-1000
Q99704,886,500-1000
Q99706,86,<100
Q99708,950,500-1000
Q99715,645,500-1000
Q99720,987,500-1000
Q99728,987,500-1000
Q99729,4300,>1000
Q99732,544,500-1000
Q99755,987,500-1000
Q99766,645,500-1000
Q99784,645,500-1000
Q99801,332,100-500
Q99832,4300,>1000
Q99836,886,500-1000
Q99871,987,500-1000
Q99873,680,500-1000
Q99932,244,100-500
Q99933,987,500-1000
Q99961,680,500-1000
Q99963,544,500-1000
Q99996,680,500-1000
Q9BPW4,18,<100
Q9BPW9,645,500-1000
Q9BPX6,1064,>1000
Q9BPY8,454,100-500
Q9BPZ7,645,500-1000
Q9BQ16,645,500-1000
Q9BQ51,544,500-1000
Q9BQ52,645,500-1000
Q9BQ65,1488,>1000
Q9BQ95,987,500-1000
Q9BQB6,987,500-1000
Q9BQC3,4300,>1000
Q9BQE9,886,500-1000
Q9BQF6,544,500-1000
Q9BQI0,645,500-1000
Q9BQI5,1488,>1000
Q9BQL6,987,500-1000
Q9BQQ3,1488,>1000
Q9BQS2,645,500-1000
Q9BQS7,950,500-1000
Q9BQS8,680,500-1000
Q9BQT9,886,500-1000
Q9BQY9,454,100-500
Q9BRB3,1488,>1000
Q9BRF8,244,100-500
Q9BRK3,544,500-1000
Q9BRL7,454,100-500
Q9BRP4,1488,>1000
Q9BRQ3,645,500-1000
Q9BRQ4,987,500-1000
Q9BRR6,680,500-1000
Q9BRR9,1064,>1000
Q9BRT8,8,<100
Q9BRV3,1064,>1000
Q9BRX5,4300,>1000
Q9BRZ2,987,500-1000
Q9BSC4,4300,>1000
Q9BSG1,168,100-500
Q9BSG5,987,500-1000
Q9BSI4,454,100-500
Q9BSJ2,4300,>1000
Q9BSJ5,244,100-500
Q9BSQ5,680,500-1000
Q9BST9,645,500-1000
Q9BT04,987,500-1000
Q9BT25,454,100-500
Q9BT76,645,500-1000
Q9BTA9,950,500-1000
Q9BTC0,645,500-1000
Q9BTD8,168,100-500
Q9BTE1,1488,>1000
Q9BTE3,1714,>1000
Q9BTE6,987,500-1000
Q9BTM9,645,500-1000
Q9BTT0,1064,>1000
Q9BTW9,4300,>1000
Q9BTX1,886,500-1000
Q9BTZ2,4300,>1000
Q9BU19,454,100-500
Q9BU23,987,500-1000
Q9BU40,950,500-1000
Q9BU76,645,500-1000
Q9BUB5,55,<100
Q9BUB7,987,500-1000
Q9BUJ2,645,500-1000
Q9BUK0,680,500-1000
Q9BUK6,1488,>1000
Q9BUL5,645,500-1000
Q9BUP3,645,500-1000
Q9BUT1,680,500-1000
Q9BUU2,645,500-1000
Q9BUV0,332,100-500
Q9BUV8,645,500-1000
Q9BUY7,680,500-1000
Q9BV29,645,500-1000
Q9BV35,645,500-1000
Q9BV36,645,500-1000
Q9BV97,987,500-1000
Q9BVC4,4300,>1000
Q9BVG8,1714,>1000
Q9BVJ6,645,500-1000
Q9BVL2,680,500-1000
Q9BVN2,645,500-1000
Q9BVQ7,544,500-1000
Q9BVV6,645,500-1000
Q9BW11,454,100-500
Q9BW27,1488,>1000
Q9BW66,680,500-1000
Q9BW71,454,100-500
Q9BWF3,382,100-500
Q9BWG6,645,500-1000
Q9BWH6,1488,>1000
Q9BWK5,168,100-500
Q9BWL3,950,500-1000
Q9BWP8,680,500-1000
Q9BWS9,1488,>1000
Q9BWT1,645,500-1000
Q9BWV2,168,100-500
Q9BWV3,645,500-1000
Q9BWW4,454,100-500
Q9BX10,4300,>1000
Q9BX40,1714,>1000
Q9BX46,645,500-1000
Q9BX59,454,100-500
Q9BX66,645,500-1000
Q9BX79,680,500-1000
Q9BX84,950,500-1000
Q9BXA9,645,500-1000
Q9BXD5,987,500-1000
Q9BXF3,4300,>1000
Q9BXI9,645,500-1000
Q9BXJ4,3,<100
Q9BXK5,544,500-1000
Q9BXL6,645,500-1000
Q9BXM0,454,100-500
Q9BXM9,680,500-1000
Q9BXN2,382,100-500
Q9BXP2,680,500-1000
Q9BXP5,1488,>1000
Q9BXS0,544,500-1000
Q9BXS6,544,500-1000
Q9BXS9,645,500-1000
Q9BXT4,645,500-1000
Q9BXT6,1488,>1000
Q9BXT8,645,500-1000
Q9BXU1,544,500-1000
Q9BXW6,680,500-1000
Q9BXW9,1064,>1000
Q9BXY5,987,500-1000
Q9BY07,987,500-1000
Q9BY08,645,500-1000
Q9BY15,382,100-500
Q9BY32,4300,>1000
Q9BY41,1292,>1000
Q9BY44,4300,>1000
Q9BY66,8,<100
Q9BY67,680,500-1000
Q9BY76,645,500-1000
Q9BYC5,950,500-1000
Q9BYE2,950,500-1000
Q9BYG7,244,100-500
Q9BYH1,645,500-1000
Q9BYH8,645,500-1000
Q9BYI3,950,500-1000
Q9BYM8,886,500-1000
Q9BYP7,987,500-1000
Q9BYP9,244,100-500
Q9BYT1,886,500-1000
Q9BYV6,1488,>1000
Q9BYV7,950,500-1000
Q9BYV8,987,500-1000
Q9BYW1,4300,>1000
Q9BYW2,987,500-1000
Q9BYX2,645,500-1000
Q9BYZ6,645,500-1000
Q9BZ11,1292,>1000
Q9BZ23,987,500-1000
Q9BZ29,987,500-1000
Q9BZ67,645,500-1000
Q9BZ71,645,500-1000
Q9BZ72,645,500-1000
Q9BZ95,1488,>1000
Q9BZA7,645,500-1000
Q9BZA8,645,500-1000
Q9BZB8,987,500-1000
Q9BZC1,987,500-1000
Q9BZC7,680,500-1000
Q9BZE4,4300,>1000
Q9BZE9,1064,>1000
Q9BZF1,1488,>1000
Q9BZF3,680,500-1000
Q9BZG1,544,500-1000
Q9BZG2,454,100-500
Q9BZG8,4300,>1000
Q9BZJ0,1714,>1000
Q9BZL4,544,500-1000
Q9BZL6,987,500-1000
Q9BZP6,680,500-1000
Q9BZQ2,680,500-1000
Q9BZR8,544,500-1000
Q9BZS1,382,100-500
Q9BZW8,544,500-1000
Q9BZZ2,382,100-500
Q9BZZ5,987,500-1000
Q9C000,132,100-500
Q9C026,645,500-1000
Q9C029,382,100-500
Q9C030,3,<100
Q9C035,382,100-500
Q9C037,382,100-500
Q9C091,950,500-1000
Q9C093,987,500-1000
Q9C0A6,544,500-1000
Q9C0B1,544,500-1000
Q9C0B2,987,500-1000
Q9C0C7,950,500-1000
Q9C0D2,645,500-1000
Q9C0E8,1488,>1000
Q9C0G0,645,500-1000
Q9C0G6,987,500-1000
Q9C0H2,886,500-1000
Q9C0H9,3,<100
Q9C0I1,1488,>1000
Q9C0I9,544,500-1000
Q9C0J8,1488,>1000
Q9C0K1,987,500-1000
Q9C0K7,544,500-1000
Q9GZM7,4300,>1000
Q9GZM8,1488,>1000
Q9GZT6,544,500-1000
Q9GZT8,1488,>1000
Q9GZT9,810,500-1000
Q9GZU2,132,100-500
Q9GZU3,645,500-1000
Q9GZU7,1488,>1000
Q9GZY8,680,500-1000
Q9GZZ7,544,500-1000
Q9H019,950,500-1000
Q9H040,987,500-1000
Q9H074,950,500-1000
Q9H078,645,500-1000
Q9H091,680,500-1000
Q9H094,55,<100
Q9H0A6,987,500-1000
Q9H0A8,1488,>1000
Q9H0B3,244,100-500
Q9H0B8,680,500-1000
Q9H0E3,886,500-1000
Q9H0E9,1488,>1000
Q9H0F5,645,500-1000
Q9H0J4,645,500-1000
Q9H0M0,1488,>1000
Q9H0M4,244,100-500
Q9H0P0,987,500-1000
Q9H0V9,950,500-1000
Q9H0W9,987,500-1000
Q9H0X9,454,100-500
Q9H115,4300,>1000
Q9H165,645,500-1000
Q9H169,645,500-1000
Q9H171,132,100-500
Q9H172,1714,>1000
Q9H1H9,645,500-1000
Q9H1I8,1064,>1000
Q9H1J1,950,500-1000
Q9H1J5,680,500-1000
Q9H1N7,950,500-1000
Q9H1Q7,454,100-500
Q9H1R2,382,100-500
Q9H1X3,1714,>1000
Q9H237,1488,>1000
Q9H251,645,500-1000
Q9H252,680,500-1000
Q9H254,544,500-1000
Q9H257,544,500-1000
Q9H2A2,1488,>1000
Q9H2D6,810,500-1000
Q9H2F5,645,500-1000
Q9H2J7,645,500-1000
Q9H2L5,987,500-1000
Q9H2P9,4300,>1000
Q9H2R5,244,100-500
Q9H2S5,382,100-500
Q9H2S6,454,100-500
Q9H2U1,1292,>1000
Q9H2U2,1714,>1000
Q9H2V7,987,500-1000
Q9H2W1,950,500-1000
Q9H2X0,950,500-1000
Q9H2X3,25,<100
Q9H2X6,4300,>1000
Q9H2Y9,680,500-1000
Q9H305,645,500-1000
Q9H310,1064,>1000
Q9H313,886,500-1000
Q9H330,987,500-1000
Q9H334,645,500-1000
Q9H3C7,3,<100
Q9H3D4,987,500-1000
Q9H3F6,645,500-1000
Q9H3H1,645,500-1000
Q9H3H3,645,500-1000
Q9H3H5,1292,>1000
Q9H3R0,987,500-1000
Q9H3T2,987,500-1000
Q9H3U1,1488,>1000
Q9H3U5,1488,>1000
Q9H410,544,500-1000
Q9H425,544,500-1000
Q9H497,950,500-1000
Q9H4A3,987,500-1000
Q9H4A9,950,500-1000
Q9H4B0,1488,>1000
Q9H4G0,987,500-1000
Q9H4I8,1064,>1000
Q9H4L5,680,500-1000
Q9H4L7,4300,>1000
Q9H4Y5,4300,>1000
Q9H582,544,500-1000
Q9H5I1,1292,>1000
Q9H5I5,680,500-1000
Q9H5P4,680,500-1000
Q9H5U6,987,500-1000
Q9H5V8,544,500-1000
Q9H5V9,987,500-1000
Q9H611,987,500-1000
Q9H633,3,<100
Q9H6A9,680,500-1000
Q9H6D7,987,500-1000
Q9H6J7,680,500-1000
Q9H6L2,987,500-1000
Q9H6P5,1488,>1000
Q9H6Q3,987,500-1000
Q9H6Q4,4300,>1000
Q9H6R4,1714,>1000
Q9H6R7,645,500-1000
Q9H6S1,544,500-1000
Q9H6S3,987,500-1000
Q9H6T3,645,500-1000
Q9H6U6,1488,>1000
Q9H6U8,1714,>1000
Q9H6V9,1488,>1000
Q9H6X2,645,500-1000
Q9H6X4,168,100-500
Q9H6Y5,987,500-1000
Q9H6Z4,645,500-1000
Q9H706,680,500-1000
Q9H714,987,500-1000
Q9H7B4,680,500-1000
Q9H7C9,645,500-1000
Q9H7D7,1292,>1000
Q9H7E2,987,500-1000
Q9H7H0,680,500-1000
Q9H7P9,168,100-500
Q9H7U1,544,500-1000
Q9H7X0,987,500-1000
Q9H7X7,544,500-1000
Q9H857,1064,>1000
Q9H867,1488,>1000
Q9H869,645,500-1000
Q9H8H2,1714,>1000
Q9H8M2,1488,>1000
Q9H8M5,1064,>1000
Q9H8V3,987,500-1000
Q9H8Y8,1488,>1000
Q9H902,454,100-500
Q9H903,4300,>1000
Q9H910,645,500-1000
Q9H930,78,<100
Q9H974,4300,>1000
Q9H977,1488,>1000
Q9H981,645,500-1000
Q9H9A5,1488,>1000
Q9H9B1,950,500-1000
Q9H9E3,1488,>1000
Q9H9P2,645,500-1000
Q9H9P5,987,500-1000
Q9H9Q2,680,500-1000
Q9H9R9,544,500-1000
Q9H9S3,4300,>1000
Q9H9T3,4300,>1000
Q9H9V9,886,500-1000
Q9H9Y6,4300,>1000
Q9HA47,1488,>1000
Q9HA65,645,500-1000
Q9HA72,680,500-1000
Q9HAC7,1488,>1000
Q9HAF1,1488,>1000
Q9HAJ7,454,100-500
Q9HAP2,680,500-1000
Q9HAR2,886,500-1000
Q9HAU0,645,500-1000
Q9HAV5,680,500-1000
Q9HAW4,987,500-1000
Q9HAZ2,544,500-1000
Q9HB09,101,100-500
Q9HB55,645,500-1000
Q9HB58,1488,>1000
Q9HB63,987,500-1000
Q9HB71,987,500-1000
Q9HB75,645,500-1000
Q9HBA0,950,500-1000
Q9HBB8,424,100-500
Q9HBD1,987,500-1000
Q9HBE1,645,500-1000
Q9HBF4,1292,>1000
Q9HBG6,987,500-1000
Q9HBG7,544,500-1000
Q9HBI0,987,500-1000
Q9HBI1,987,500-1000
Q9HBL0,987,500-1000
Q9HBM0,680,500-1000
Q9HBR0,645,500-1000
Q9HBX8,645,500-1000
Q9HBX9,544,500-1000
Q9HBY8,987,500-1000
Q9HC10,680,500-1000
Q9HC29,645,500-1000
Q9HC38,987,500-1000
Q9HC73,36,<100
Q9HC96,1488,>1000
Q9HC98,544,500-1000
Q9HCC8,1292,>1000
Q9HCC9,1292,>1000
Q9HCD6,544,500-1000
Q9HCE1,886,500-1000
Q9HCE6,886,500-1000
Q9HCF6,680,500-1000
Q9HCG7,950,500-1000
Q9HCH0,454,100-500
Q9HCH5,645,500-1000
Q9HCJ0,645,500-1000
Q9HCK4,645,500-1000
Q9HCM2,987,500-1000
Q9HCM3,382,100-500
Q9HCM4,680,500-1000
Q9HCN2,36,<100
Q9HCN4,4300,>1000
Q9HCN6,382,100-500
Q9HCR9,680,500-1000
Q9HCX4,950,500-1000
Q9HD20,1714,>1000
Q9HD23,680,500-1000
Q9HD26,950,500-1000
Q9HD33,1714,>1000
Q9HD40,1064,>1000
Q9HD43,382,100-500
Q9HD47,454,100-500
Q9HD67,987,500-1000
Q9NNW7,645,500-1000
Q9NNX1,454,100-500
Q9NNX6,93,<100
Q9NP31,382,100-500
Q9NP64,645,500-1000
Q9NP71,680,500-1000
Q9NP72,645,500-1000
Q9NP73,886,500-1000
Q9NP74,645,500-1000
Q9NP78,1488,>1000
Q9NP80,987,500-1000
Q9NP87,680,500-1000
Q9NP99,168,100-500
Q9NPA1,680,500-1000
Q9NPC7,454,100-500
Q9NPH2,645,500-1000
Q9NPH3,680,500-1000
Q9NPH5,645,500-1000
Q9NPH6,3,<100
Q9NPI0,987,500-1000
Q9NPJ8,1292,>1000
Q9NPP4,454,100-500
Q9NPQ8,1488,>1000
Q9NQ11,4300,>1000
Q9NQ25,544,500-1000
Q9NQ29,1292,>1000
Q9NQ31,544,500-1000
Q9NQ36,886,500-1000
Q9NQ38,244,100-500
Q9NQ48,987,500-1000
Q9NQ55,4300,>1000
Q9NQ60,132,100-500
Q9NQ69,680,500-1000
Q9NQ75,987,500-1000
Q9NQ76,168,100-500
Q9NQ79,645,500-1000
Q9NQ86,645,500-1000
Q9NQ90,645,500-1000
Q9NQ94,544,500-1000
Q9NQB0,645,500-1000
Q9NQC1,1488,>1000
Q9NQC3,886,500-1000
Q9NQG7,645,500-1000
Q9NQH7,1488,>1000
Q9NQI0,1292,>1000
Q9NQQ7,1292,>1000
Q9NQR9,645,500-1000
Q9NQS3,680,500-1000
Q9NQV6,544,500-1000
Q9NQW1,4300,>1000
Q9NQW5,645,500-1000
Q9NQW7,645,500-1000
Q9NQX0,645,500-1000
Q9NQX1,645,500-1000
Q9NQX7,544,500-1000
Q9NQZ6,680,500-1000
Q9NR12,886,500-1000
Q9NR16,55,<100
Q9NR20,1714,>1000
Q9NR21,544,500-1000
Q9NR28,645,500-1000
Q9NR50,1488,>1000
Q9NR56,645,500-1000
Q9NR63,680,500-1000
Q9NR80,18,<100
Q9NR81,987,500-1000
Q9NR82,454,100-500
Q9NR83,332,100-500
Q9NR96,382,100-500
Q9NRA0,680,500-1000
Q9NRA1,645,500-1000
Q9NRA8,680,500-1000
Q9NRC1,987,500-1000
Q9NRC8,950,500-1000
Q9NRF2,810,500-1000
Q9NRG1,454,100-500
Q9NRI5,645,500-1000
Q9NRL3,1488,>1000
Q9NRN5,645,500-1000
Q9NRR4,987,500-1000
Q9NRS4,332,100-500
Q9NRY7,55,<100
Q9NRZ7,987,500-1000
Q9NRZ9,645,500-1000
Q9NS23,987,500-1000
Q9NS61,1488,>1000
Q9NS62,680,500-1000
Q9NS68,680,500-1000
Q9NS73,950,500-1000
Q9NS87,987,500-1000
Q9NSC5,645,500-1000
Q9NSD5,544,500-1000
Q9NSE2,645,500-1000
Q9NSG2,987,500-1000
Q9NSI6,544,500-1000
Q9NSI8,544,500-1000
Q9NSK0,645,500-1000
Q9NSK7,680,500-1000
Q9NSP4,680,500-1000
Q9NSU2,18,<100
Q9NSV4,1714,>1000
Q9NSY0,454,100-500
Q9NSY1,645,500-1000
Q9NTI2,645,500-1000
Q9NTI5,1714,>1000
Q9NTJ4,454,100-500
Q9NTK5,4300,>1000
Q9NTN9,987,500-1000
Q9NTW7,645,500-1000
Q9NTX5,1488,>1000
Q9NU63,168,100-500
Q9NUB1,1064,>1000
Q9NUG4,680,500-1000
Q9NUI1,1292,>1000
Q9NUJ1,680,500-1000
Q9NUK0,987,500-1000
Q9NUL3,886,500-1000
Q9NUL5,544,500-1000
Q9NUM3,1292,>1000
Q9NUN5,1488,>1000
Q9NUQ6,987,500-1000
Q9NUT2,1488,>1000
Q9NUZ1,1488,>1000
Q9NV58,645,500-1000
Q9NV79,645,500-1000
Q9NV88,1064,>1000
Q9NV96,645,500-1000
Q9NVA1,1488,>1000
Q9NVD3,886,500-1000
Q9NVE5,1714,>1000
Q9NVF9,1714,>1000
Q9NVG8,645,500-1000
Q9NVH1,1488,>1000
Q9NVH2,1064,>1000
Q9NVH6,950,500-1000
Q9NVI1,1064,>1000
Q9NVI7,987,500-1000
Q9NVK5,987,500-1000
Q9NVM4,987,500-1000
Q9NVN3,1488,>1000
Q9NVP4,987,500-1000
Q9NVQ4,987,500-1000
Q9NVS2,680,500-1000
Q9NVS9,1488,>1000
Q9NVU0,4300,>1000
Q9NVV5,645,500-1000
Q9NVX0,680,500-1000
Q9NVX7,1064,>1000
Q9NVZ3,1488,>1000
Q9NW15,950,500-1000
Q9NW68,645,500-1000
Q9NW81,810,500-1000
Q9NWB1,987,500-1000
Q9NWB6,987,500-1000
Q9NWF9,886,500-1000
Q9NWM0,1714,>1000
Q9NWQ4,886,500-1000
Q9NWS0,645,500-1000
Q9NWS1,645,500-1000
Q9NWS8,950,500-1000
Q9NWU5,1488,>1000
Q9NWV8,886,500-1000
Q9NWZ5,1488,>1000
Q9NX02,132,100-500
Q9NX40,645,500-1000
Q9NX45,244,100-500
Q9NX65,454,100-500
Q9NX78,680,500-1000
Q9NX95,645,500-1000
Q9NXA8,4300,>1000
Q9NXB0,987,500-1000
Q9NXC2,987,500-1000
Q9NXD2,4300,>1000
Q9NXE4,987,500-1000
Q9NXG0,680,500-1000
Q9NXG6,680,500-1000
Q9NXH9,4300,>1000
Q9NXL9,645,500-1000
Q9NXP7,332,100-500
Q9NXR7,987,500-1000
Q9NXR8,1292,>1000
Q9NXT0,70,<100
Q9NY27,332,100-500
Q9NY33,645,500-1000
Q9NY35,454,100-500
Q9NY46,424,100-500
Q9NY47,987,500-1000
Q9NY56,244,100-500
Q9NYA1,454,100-500
Q9NYB5,680,500-1000
Q9NYB9,645,500-1000
Q9NYC9,680,500-1000
Q9NYF5,987,500-1000
Q9NYF8,645,500-1000
Q9NYI0,4300,>1000
Q9NYK6,544,500-1000
Q9NYL2,332,100-500
Q9NYN1,544,500-1000
Q9NYP3,950,500-1000
Q9NYP7,1714,>1000
Q9NYR9,645,500-1000
Q9NYS7,886,500-1000
Q9NYV4,645,500-1000
Q9NYV6,1488,>1000
Q9NYX4,645,500-1000
Q9NYZ2,544,500-1000
Q9NYZ4,78,<100
Q9NZ09,950,500-1000
Q9NZ43,987,500-1000
Q9NZ52,680,500-1000
Q9NZ71,987,500-1000
Q9NZ94,645,500-1000
Q9NZA1,4300,>1000
Q9NZB2,950,500-1000
Q9NZB8,1488,>1000
Q9NZC2,332,100-500
Q9NZC4,645,500-1000
Q9NZC7,4300,>1000
Q9NZD1,680,500-1000
Q9NZH6,93,<100
Q9NZI2,1488,>1000
Q9NZI5,987,500-1000
Q9NZJ7,987,500-1000
Q9NZJ9,645,500-1000
Q9NZL4,645,500-1000
Q9NZL9,645,500-1000
Q9NZM1,680,500-1000
Q9NZM3,680,500-1000
Q9NZM6,987,500-1000
Q9NZN8,4300,>1000
Q9NZN9,987,500-1000
Q9NZQ0,1714,>1000
Q9NZQ3,1488,>1000
Q9NZQ7,382,100-500
Q9NZQ8,950,500-1000
Q9NZR4,454,100-500
Q9NZS2,382,100-500
Q9NZU7,1714,>1000
Q9P055,987,500-1000
Q9P0K1,645,500-1000
Q9P0K7,645,500-1000
Q9P0L2,645,500-1000
Q9P0L9,950,500-1000
Q9P0N5,950,500-1000
Q9P0N9,645,500-1000
Q9P0V9,680,500-1000
Q9P0W2,1714,>1000
Q9P0W8,950,500-1000
Q9P0X4,544,500-1000
Q9P121,454,100-500
Q9P1A6,645,500-1000
Q9P1Q0,1714,>1000
Q9P1U1,454,100-500
Q9P1W8,168,100-500
Q9P1Y6,987,500-1000
Q9P1Z2,950,500-1000
Q9P202,680,500-1000
Q9P203,886,500-1000
Q9P206,645,500-1000
Q9P218,70,<100
Q9P219,1064,>1000
Q9P225,987,500-1000
Q9P242,645,500-1000
Q9P243,645,500-1000
Q9P246,987,500-1000
Q9P283,987,500-1000
Q9P287,1488,>1000
Q9P289,544,500-1000
Q9P2D0,1292,>1000
Q9P2D1,645,500-1000
Q9P2D3,1488,>1000
Q9P2D6,4300,>1000
Q9P2D7,987,500-1000
Q9P2D8,987,500-1000
Q9P2F6,645,500-1000
Q9P2H3,987,500-1000
Q9P2J5,4300,>1000
Q9P2K1,645,500-1000
Q9P2K3,645,500-1000
Q9P2K5,950,500-1000
Q9P2K8,1292,>1000
Q9P2N2,886,500-1000
Q9P2N4,645,500-1000
Q9P2N6,987,500-1000
Q9P2N7,987,500-1000
Q9P2P6,70,<100
Q9P2R3,886,500-1000
Q9P2S6,950,500-1000
Q9P2T1,680,500-1000
Q9P2U7,987,500-1000
Q9P2W1,4300,>1000
Q9UBC1,645,500-1000
Q9UBC2,645,500-1000
Q9UBC3,645,500-1000
Q9UBD5,645,500-1000
Q9UBE0,1488,>1000
Q9UBF6,987,500-1000
Q9UBF8,4300,>1000
Q9UBI4,987,500-1000
Q9UBK2,645,500-1000
Q9UBK7,1714,>1000
Q9UBL0,987,500-1000
Q9UBL3,1488,>1000
Q9UBL9,645,500-1000
Q9UBM1,544,500-1000
Q9UBN4,950,500-1000
Q9UBP0,1488,>1000
Q9UBP9,987,500-1000
Q9UBR5,332,100-500
Q9UBS5,886,500-1000
Q9UBT6,4300,>1000
Q9UBT7,987,500-1000
Q9UBU3,332,100-500
Q9UBU8,1488,>1000
Q9UBW5,1488,>1000
Q9UBX7,244,100-500
Q9UBY9,886,500-1000
Q9UBZ9,987,500-1000
Q9UDX4,1488,>1000
Q9UDY2,886,500-1000
Q9UER7,987,500-1000
Q9UF11,950,500-1000
Q9UF33,544,500-1000
Q9UF56,1488,>1000
Q9UFF9,4300,>1000
Q9UG01,987,500-1000
Q9UGC7,645,500-1000
Q9UGI6,810,500-1000
Q9UGJ0,1488,>1000
Q9UGM3,680,500-1000
Q9UGN4,132,100-500
Q9UGQ2,950,500-1000
Q9UGV2,886,500-1000
Q9UH03,454,100-500
Q9UH17,70,<100
Q9UH77,680,500-1000
Q9UH92,987,500-1000
Q9UH99,454,100-500
Q9UHB4,1714,>1000
Q9UHB6,454,100-500
Q9UHB7,544,500-1000
Q9UHB9,4300,>1000
Q9UHC3,544,500-1000
Q9UHC7,1488,>1000
Q9UHC9,1488,>1000
Q9UHD0,544,500-1000
Q9UHD8,680,500-1000
Q9UHF0,382,100-500
Q9UHF4,544,500-1000
Q9UHF7,950,500-1000
Q9UHH9,1714,>1000
Q9UHI5,4300,>1000
Q9UHI7,1488,>1000
Q9UHJ9,886,500-1000
Q9UHK6,1292,>1000
Q9UHL9,544,500-1000
Q9UHP3,544,500-1000
Q9UHP7,55,<100
Q9UHQ1,4300,>1000
Q9UHV5,544,500-1000
Q9UHW5,4300,>1000
Q9UHW9,454,100-500
Q9UHX1,4300,>1000
Q9UHX3,382,100-500
Q9UI08,950,500-1000
Q9UI10,4300,>1000
Q9UI33,382,100-500
Q9UI36,886,500-1000
Q9UIB8,544,500-1000
Q9UIC8,645,500-1000
Q9UIF7,4300,>1000
Q9UIF8,1292,>1000
Q9UIF9,4300,>1000
Q9UIG8,645,500-1000
Q9UII2,168,100-500
Q9UII6,454,100-500
Q9UIJ7,987,500-1000
Q9UIK5,645,500-1000
Q9UIL1,950,500-1000
Q9UIQ6,950,500-1000
Q9UIR0,382,100-500
Q9UIS9,645,500-1000
Q9UJ14,680,500-1000
Q9UJ41,886,500-1000
Q9UJ68,424,100-500
Q9UJ78,987,500-1000
Q9UJ83,886,500-1000
Q9UJ98,454,100-500
Q9UJA3,1934,>1000
Q9UJA5,4300,>1000
Q9UJG1,645,500-1000
Q9UJT1,1488,>1000
Q9UJU2,544,500-1000
Q9UJU6,645,500-1000
Q9UJW0,1488,>1000
Q9UJW8,132,100-500
Q9UJX2,1714,>1000
Q9UJX4,1488,>1000
Q9UJX5,1064,>1000
Q9UJY5,1488,>1000
Q9UK23,987,500-1000
Q9UK53,987,500-1000
Q9UK58,1488,>1000
Q9UK61,645,500-1000
Q9UK76,132,100-500
Q9UK80,4300,>1000
Q9UK97,1292,>1000
Q9UK99,886,500-1000
Q9UKA8,680,500-1000
Q9UKA9,1064,>1000
Q9UKB1,1714,>1000
Q9UKE5,454,100-500
Q9UKF5,1292,>1000
Q9UKG9,680,500-1000
Q9UKI8,987,500-1000
Q9UKI9,950,500-1000
Q9UKJ0,70,<100
Q9UKJ1,70,<100
Q9UKJ3,645,500-1000
Q9UKP5,680,500-1000
Q9UKR0,168,100-500
Q9UKR8,382,100-500
Q9UKS7,544,500-1000
Q9UKT9,645,500-1000
Q9UKU0,132,100-500
Q9UKU7,1064,>1000
Q9UKV0,4300,>1000
Q9UKV3,454,100-500
Q9UKW4,645,500-1000
Q9UKW6,544,500-1000
Q9UKY7,645,500-1000
Q9UL03,424,100-500
Q9UL40,680,500-1000
Q9UL49,544,500-1000
Q9UL54,454,100-500
Q9UL68,680,500-1000
Q9ULB1,645,500-1000
Q9ULC0,332,100-500
Q9ULC4,4300,>1000
Q9ULC5,987,500-1000
Q9ULC8,680,500-1000
Q9ULD0,1488,>1000
Q9ULD2,645,500-1000
Q9ULD4,1488,>1000
Q9ULD6,987,500-1000
Q9ULG6,544,500-1000
Q9ULH0,680,500-1000
Q9ULH7,1292,>1000
Q9ULJ1,987,500-1000
Q9ULJ8,950,500-1000
Q9ULK2,1292,>1000
Q9ULK4,1064,>1000
Q9ULK6,645,500-1000
Q9ULP0,886,500-1000
Q9ULQ1,645,500-1000
Q9ULR0,1488,>1000
Q9ULT0,987,500-1000
Q9ULU4,987,500-1000
Q9ULU8,55,<100
Q9ULV0,645,500-1000
Q9ULV3,680,500-1000
Q9ULV4,1714,>1000
Q9ULZ0,18,<100
Q9ULZ3,382,100-500
Q9UM00,1488,>1000
Q9UM11,1488,>1000
Q9UM22,680,500-1000
Q9UM54,1488,>1000
Q9UMR2,645,500-1000
Q9UMR5,3,<100
Q9UMR7,680,500-1000
Q9UMS0,1488,>1000
Q9UMS6,544,500-1000
Q9UMX0,544,500-1000
Q9UMX1,886,500-1000
Q9UMX9,1488,>1000
Q9UMY4,1292,>1000
Q9UMZ2,3,<100
Q9UN30,101,100-500
Q9UN36,886,500-1000
Q9UN73,3,<100
Q9UNH5,987,500-1000
Q9UNH6,1064,>1000
Q9UNL4,454,100-500
Q9UNP4,645,500-1000
Q9UNP9,645,500-1000
Q9UNT1,1714,>1000
Q9UNW1,1488,>1000
Q9UNW8,12,<100
Q9UNZ2,1714,>1000
Q9UP52,645,500-1000
Q9UP65,645,500-1000
Q9UP83,1714,>1000
Q9UP95,1292,>1000
Q9UPE1,1064,>1000
Q9UPM6,680,500-1000
Q9UPN3,645,500-1000
Q9UPN4,987,500-1000
Q9UPP1,645,500-1000
Q9UPQ0,645,500-1000
Q9UPQ3,645,500-1000
Q9UPQ7,810,500-1000
Q9UPQ9,544,500-1000
Q9UPR0,1714,>1000
Q9UPR6,886,500-1000
Q9UPT5,1488,>1000
Q9UPU7,645,500-1000
Q9UPU9,1292,>1000
Q9UPV9,645,500-1000
Q9UPW5,645,500-1000
Q9UPX8,987,500-1000
Q9UPY3,1292,>1000
Q9UQ07,544,500-1000
Q9UQ16,424,100-500
Q9UQ26,680,500-1000
Q9UQ35,332,100-500
Q9UQ53,680,500-1000
Q9UQ74,168,100-500
Q9UQ88,1934,>1000
Q9UQB8,645,500-1000
Q9UQB9,132,100-500
Q9UQD0,544,500-1000
Q9UQL6,1488,>1000
Q9UQQ1,987,500-1000
Q9Y210,950,500-1000
Q9Y215,645,500-1000
Q9Y222,810,500-1000
Q9Y223,645,500-1000
Q9Y228,950,500-1000
Q9Y232,4300,>1000
Q9Y233,950,500-1000
Q9Y237,1488,>1000
Q9Y238,544,500-1000
Q9Y239,544,500-1000
Q9Y250,454,100-500
Q9Y251,544,500-1000
Q9Y252,544,500-1000
Q9Y275,680,500-1000
Q9Y279,454,100-500
Q9Y282,1488,>1000
Q9Y283,680,500-1000
Q9Y286,78,<100
Q9Y2C4,454,100-500
Q9Y2C5,680,500-1000
Q9Y2D2,1292,>1000
Q9Y2D5,544,500-1000
Q9Y2D8,680,500-1000
Q9Y2G0,1488,>1000
Q9Y2G2,86,<100
Q9Y2G4,645,500-1000
Q9Y2G5,987,500-1000
Q9Y2H0,645,500-1000
Q9Y2H2,4300,>1000
Q9Y2I1,1488,>1000
Q9Y2I2,645,500-1000
Q9Y2I7,1488,>1000
Q9Y2I8,4300,>1000
Q9Y2I9,645,500-1000
Q9Y2J2,987,500-1000
Q9Y2J4,544,500-1000
Q9Y2K2,1292,>1000
Q9Y2K5,645,500-1000
Q9Y2K7,454,100-500
Q9Y2L9,1488,>1000
Q9Y2M2,454,100-500
Q9Y2N7,332,100-500
Q9Y2Q0,645,500-1000
Q9Y2Q1,70,<100
Q9Y2Q3,987,500-1000
Q9Y2Q5,680,500-1000
Q9Y2R2,544,500-1000
Q9Y2T3,544,500-1000
Q9Y2T4,4300,>1000
Q9Y2U2,244,100-500
Q9Y2V7,1714,>1000
Q9Y2W7,1488,>1000
Q9Y2X0,680,500-1000
Q9Y2X7,645,500-1000
Q9Y2Z2,1488,>1000
Q9Y2Z9,1292,>1000
Q9Y303,987,500-1000
Q9Y305,886,500-1000
Q9Y316,4300,>1000
Q9Y345,950,500-1000
Q9Y371,645,500-1000
Q9Y383,1292,>1000
Q9Y3A3,1292,>1000
Q9Y3B7,1292,>1000
Q9Y3B8,1488,>1000
Q9Y3C1,132,100-500
Q9Y3C4,1488,>1000
Q9Y3E7,1714,>1000
Q9Y3I1,886,500-1000
Q9Y3M8,987,500-1000
Q9Y3P9,645,500-1000
Q9Y3Q7,1292,>1000
Q9Y3R0,680,500-1000
Q9Y3S1,987,500-1000
Q9Y3V2,645,500-1000
Q9Y3Y2,645,500-1000
Q9Y3Z3,4300,>1000
Q9Y421,1488,>1000
Q9Y426,454,100-500
Q9Y448,454,100-500
Q9Y450,4300,>1000
Q9Y462,544,500-1000
Q9Y463,454,100-500
Q9Y468,987,500-1000
Q9Y483,987,500-1000
Q9Y484,987,500-1000
Q9Y493,680,500-1000
Q9Y4B5,645,500-1000
Q9Y4B6,950,500-1000
Q9Y4C0,645,500-1000
Q9Y4D1,987,500-1000
Q9Y4E1,1064,>1000
Q9Y4E5,645,500-1000
Q9Y4E8,645,500-1000
Q9Y4F1,1488,>1000
Q9Y4F3,987,500-1000
Q9Y4F4,1488,>1000
Q9Y4F5,645,500-1000
Q9Y4I1,645,500-1000
Q9Y4I5,424,100-500
Q9Y4J8,645,500-1000
Q9Y4K1,645,500-1000
Q9Y4P1,1714,>1000
Q9Y4P8,645,500-1000
Q9Y4R7,987,500-1000
Q9Y4W2,544,500-1000
Q9Y4X0,4300,>1000
Q9Y4X4,950,500-1000
Q9Y520,645,500-1000
Q9Y566,645,500-1000
Q9Y570,1714,>1000
Q9Y572,645,500-1000
Q9Y575,645,500-1000
Q9Y587,645,500-1000
Q9Y597,987,500-1000
Q9Y5B6,1488,>1000
Q9Y5H2,8,<100
Q9Y5H7,18,<100
Q9Y5H9,3,<100
Q9Y5I2,3,<100
Q9Y5I3,8,<100
Q9Y5K3,950,500-1000
Q9Y5K5,1714,>1000
Q9Y5L0,1488,>1000
Q9Y5L3,645,500-1000
Q9Y5N1,424,100-500
Q9Y5P2,36,<100
Q9Y5P4,987,500-1000
Q9Y5Q8,1488,>1000
Q9Y5R5,680,500-1000
Q9Y5R6,645,500-1000
Q9Y5T5,4300,>1000
Q9Y5U5,987,500-1000
Q9Y5W7,987,500-1000
Q9Y5X5,544,500-1000
Q9Y5Z0,544,500-1000
Q9Y600,1064,>1000
Q9Y603,645,500-1000
Q9Y608,810,500-1000
Q9Y618,645,500-1000
Q9Y639,950,500-1000
Q9Y653,382,100-500
Q9Y680,4300,>1000
Q9Y694,1488,>1000
Q9Y697,4300,>1000
Q9Y6A1,1292,>1000
Q9Y6A2,544,500-1000
Q9Y6D9,950,500-1000
Q9Y6F6,645,500-1000
Q9Y6H5,680,500-1000
Q9Y6I3,454,100-500
Q9Y6I7,680,500-1000
Q9Y6J8,382,100-500
Q9Y6K1,645,500-1000
Q9Y6K8,645,500-1000
Q9Y6K9,454,100-500
Q9Y6M0,680,500-1000
Q9Y6M1,987,500-1000
Q9Y6M4,544,500-1000
Q9Y6M7,987,500-1000
Q9Y6N7,645,500-1000
Q9Y6N9,680,500-1000
Q9Y6P5,1064,>1000
Q9Y6Q2,544,500-1000
Q9Y6Q3,132,100-500
Q9Y6Q6,987,500-1000
Q9Y6Q9,544,500-1000
Q9Y6R1,987,500-1000
Q9Y6S9,987,500-1000
Q9Y6U3,1488,>1000
Q9Y6V0,645,500-1000
Q9Y6X3,645,500-1000
Q9Y6X6,645,500-1000
Q9Y6Y1,645,500-1000
W5XKT8,168,100-500
